Date,Close/Last,Volume,Open,High,Low
08/23/2024,$0.0012,9334744,$0.001,$0.0012,$0.001
08/22/2024,$0.0011,14524230,$0.001,$0.0012,$0.0009
08/21/2024,$0.0011,15198050,$0.001,$0.0011,$0.0009
08/20/2024,$0.001,3823931,$0.001,$0.0011,$0.0009
08/19/2024,$0.0011,15909290,$0.001,$0.0011,$0.0009
08/16/2024,$0.0011,7374256,$0.0009,$0.0011,$0.0009
08/15/2024,$0.001,12260490,$0.0009,$0.0011,$0.0009
08/14/2024,$0.001,6959149,$0.001,$0.001,$0.0009
08/13/2024,$0.001,7791536,$0.0009,$0.001,$0.0009
08/12/2024,$0.0009,8310781,$0.0009,$0.001,$0.0009
08/09/2024,$0.001,2056701,$0.0011,$0.0011,$0.0009
08/08/2024,$0.0011,3920463,$0.001,$0.0011,$0.0009
08/07/2024,$0.001,2987908,$0.0009,$0.001,$0.0009
08/06/2024,$0.001,5466423,$0.001,$0.001,$0.0009
08/05/2024,$0.001,13802930,$0.001,$0.001,$0.0009
08/02/2024,$0.001,29510010,$0.001,$0.0011,$0.0009
08/01/2024,$0.001,3229648,$0.0011,$0.0011,$0.0009
07/31/2024,$0.0011,20144590,$0.0009,$0.0011,$0.0009
07/30/2024,$0.001,15158150,$0.001,$0.0011,$0.0009
07/29/2024,$0.0011,2731383,$0.001,$0.0011,$0.001
07/26/2024,$0.0011,6820615,$0.0011,$0.0011,$0.001
07/25/2024,$0.001,9628471,$0.001,$0.0012,$0.001
07/24/2024,$0.001,15872020,$0.0011,$0.0012,$0.001
07/23/2024,$0.0012,10616620,$0.0011,$0.0012,$0.001
07/22/2024,$0.0012,14028740,$0.0012,$0.0013,$0.001
07/19/2024,$0.0012,8887160,$0.0012,$0.0013,$0.001
07/18/2024,$0.0012,23433200,$0.0011,$0.0012,$0.001
07/17/2024,$0.0012,15626980,$0.0011,$0.0012,$0.001
07/16/2024,$0.0011,29423260,$0.001,$0.0011,$0.0008
07/15/2024,$0.001,12267130,$0.0009,$0.001,$0.0008
07/12/2024,$0.0008,10542780,$0.0008,$0.0009,$0.0008
07/11/2024,$0.0008,32627230,$0.0009,$0.0009,$0.0008
07/10/2024,$0.0008,19069410,$0.0009,$0.0009,$0.0008
07/09/2024,$0.0008,16047650,$0.0008,$0.0009,$0.0008
07/08/2024,$0.0009,16027000,$0.0008,$0.0009,$0.0008
07/05/2024,$0.0008,14383070,$0.0009,$0.0009,$0.0008
07/03/2024,$0.0008,12785450,$0.0008,$0.0009,$0.0008
07/02/2024,$0.0008,14096050,$0.0009,$0.0009,$0.0008
07/01/2024,$0.0009,23619940,$0.0009,$0.0009,$0.0008
06/28/2024,$0.0009,18267810,$0.0008,$0.0009,$0.0008
06/27/2024,$0.0009,4181323,$0.0009,$0.0009,$0.0008
06/26/2024,$0.0008,22417370,$0.0009,$0.0009,$0.0008
06/25/2024,$0.0009,55794910,$0.0009,$0.0009,$0.0008
06/24/2024,$0.0009,44355500,$0.0008,$0.0009,$0.0008
06/21/2024,$0.0009,54671650,$0.0009,$0.0009,$0.0008
06/20/2024,$0.0009,45718110,$0.0008,$0.0009,$0.0008
06/18/2024,$0.0009,55476650,$0.0008,$0.0009,$0.0008
06/17/2024,$0.0009,42235180,$0.0009,$0.0009,$0.0008
06/14/2024,$0.0009,62343800,$0.0008,$0.0009,$0.0008
06/13/2024,$0.0009,51004610,$0.0009,$0.0009,$0.0008
06/12/2024,$0.0009,44854710,$0.0009,$0.001,$0.0008
06/11/2024,$0.0009,13066880,$0.001,$0.001,$0.0009
06/10/2024,$0.001,36279280,$0.001,$0.001,$0.0008
06/07/2024,$0.0008,108312500,$0.001,$0.001,$0.0008
06/06/2024,$0.001,60748350,$0.0009,$0.0011,$0.0009
06/05/2024,$0.001,67403530,$0.001,$0.0011,$0.0009
06/04/2024,$0.001,63637010,$0.001,$0.0011,$0.0009
06/03/2024,$0.001,58551270,$0.0011,$0.0011,$0.0009
05/31/2024,$0.001,17378280,$0.0011,$0.0011,$0.001
05/30/2024,$0.001,16654470,$0.0011,$0.0011,$0.001
05/29/2024,$0.001,61459690,$0.0012,$0.0012,$0.001
05/28/2024,$0.0012,57022020,$0.0012,$0.0012,$0.001
05/24/2024,$0.0012,67356330,$0.0012,$0.0012,$0.001
05/23/2024,$0.0012,74400160,$0.0014,$0.0014,$0.0011
05/22/2024,$0.0014,54394590,$0.0016,$0.0016,$0.0013
05/21/2024,$0.0015,36882950,$0.0015,$0.0017,$0.0013
05/20/2024,$0.0015,36133460,$0.0017,$0.0018,$0.0014
05/17/2024,$0.0017,51241200,$0.0011,$0.0018,$0.0011
05/16/2024,$0.0012,47245120,$0.0012,$0.0012,$0.001
05/15/2024,$0.0012,38570710,$0.0013,$0.0013,$0.0011
05/14/2024,$0.0013,36089580,$0.0014,$0.0015,$0.0012
05/13/2024,$0.0014,34937090,$0.0015,$0.0016,$0.0013
05/10/2024,$0.0014,102148800,$0.0018,$0.002,$0.0011
05/09/2024,$0.0019,29148820,$0.0019,$0.002,$0.0017
05/08/2024,$0.0019,75859460,$0.0019,$0.0021,$0.0017
05/07/2024,$0.0019,138478000,$0.0016,$0.0022,$0.0013
05/06/2024,$0.0014,85015490,$0.0012,$0.0016,$0.001
05/03/2024,$0.0012,58976110,$0.0012,$0.0012,$0.001
05/02/2024,$0.0012,61328850,$0.0008,$0.0012,$0.0008
05/01/2024,$0.0008,26965390,$0.0009,$0.0009,$0.0008
04/30/2024,$0.0008,23826390,$0.0009,$0.0009,$0.0008
04/29/2024,$0.0009,24641460,$0.0009,$0.0009,$0.0008
04/26/2024,$0.0008,50171470,$0.0009,$0.001,$0.0007
04/25/2024,$0.0008,22286280,$0.0009,$0.0009,$0.0008
04/24/2024,$0.0009,33514110,$0.0007,$0.0009,$0.0007
04/23/2024,$0.0008,26196860,$0.0008,$0.0008,$0.0007
04/22/2024,$0.0008,22706940,$0.0008,$0.0008,$0.0007
04/19/2024,$0.0008,36128500,$0.0009,$0.0009,$0.0007
04/18/2024,$0.0009,28155560,$0.0008,$0.0009,$0.0008
04/17/2024,$0.0008,26405320,$0.0009,$0.0009,$0.0007
04/16/2024,$0.0009,21055580,$0.0008,$0.0009,$0.0008
04/15/2024,$0.0008,20376740,$0.0009,$0.001,$0.0008
04/12/2024,$0.0009,22960540,$0.001,$0.001,$0.0008
04/11/2024,$0.001,26121190,$0.0008,$0.001,$0.0008
04/10/2024,$0.0008,21054670,$0.001,$0.001,$0.0008
04/09/2024,$0.0009,27802080,$0.0009,$0.001,$0.0008
04/08/2024,$0.0008,45507750,$0.001,$0.001,$0.0008
04/05/2024,$0.001,26634580,$0.0009,$0.001,$0.0009
04/04/2024,$0.001,30346110,$0.0011,$0.0011,$0.0009
04/03/2024,$0.0009,23532200,$0.0011,$0.0011,$0.0009
04/02/2024,$0.001,8303455,$0.0009,$0.0011,$0.0009
04/01/2024,$0.001,24338680,$0.001,$0.0011,$0.0009
03/28/2024,$0.0011,7941595,$0.001,$0.0011,$0.001
03/27/2024,$0.0011,16329290,$0.0011,$0.0011,$0.0009
03/26/2024,$0.001,29177700,$0.001,$0.0011,$0.0009
03/25/2024,$0.001,37379140,$0.0011,$0.0011,$0.001
03/22/2024,$0.001,25788820,$0.001,$0.0011,$0.001
03/21/2024,$0.001,27988110,$0.001,$0.0011,$0.001
03/20/2024,$0.0011,36231830,$0.0012,$0.0012,$0.001
03/19/2024,$0.0012,27280210,$0.0011,$0.0012,$0.001
03/18/2024,$0.0011,29538740,$0.0012,$0.0012,$0.001
03/15/2024,$0.0012,13447980,$0.0011,$0.0012,$0.0011
03/14/2024,$0.0012,7927594,$0.0011,$0.0012,$0.0011
03/13/2024,$0.0011,3916363,$0.0011,$0.0012,$0.0011
03/12/2024,$0.0012,13336940,$0.0013,$0.0013,$0.0011
03/11/2024,$0.0011,16251180,$0.0011,$0.0012,$0.0011
03/08/2024,$0.0012,31402390,$0.0012,$0.0013,$0.0011
03/07/2024,$0.0012,34852120,$0.0011,$0.0012,$0.0011
03/06/2024,$0.0011,26607640,$0.0011,$0.0012,$0.0011
03/05/2024,$0.0012,27139360,$0.0011,$0.0012,$0.0011
03/04/2024,$0.0012,24873830,$0.0012,$0.0013,$0.0011
03/01/2024,$0.0012,25179440,$0.0011,$0.0013,$0.0011
02/29/2024,$0.0012,15418650,$0.0012,$0.0013,$0.0011
02/28/2024,$0.0013,17348590,$0.0012,$0.0013,$0.0011
02/27/2024,$0.0013,17765250,$0.0012,$0.0013,$0.0012
02/26/2024,$0.0013,32474160,$0.0013,$0.0013,$0.001
02/23/2024,$0.0013,16579680,$0.0012,$0.0013,$0.0011
02/22/2024,$0.0013,24796670,$0.0012,$0.0013,$0.0012
02/21/2024,$0.0013,16774290,$0.0013,$0.0014,$0.0012
02/20/2024,$0.0014,23963840,$0.0014,$0.0014,$0.0013
02/16/2024,$0.0014,18602020,$0.0012,$0.0014,$0.0012
02/15/2024,$0.0013,19886910,$0.0013,$0.0014,$0.0012
02/14/2024,$0.0014,18045930,$0.0013,$0.0014,$0.0012
02/13/2024,$0.0013,2234211,$0.0012,$0.0014,$0.0012
02/12/2024,$0.0013,6521852,$0.0012,$0.0014,$0.0012
02/09/2024,$0.0012,6180378,$0.0012,$0.0014,$0.0012
02/08/2024,$0.0012,10780380,$0.0013,$0.0014,$0.0012
02/07/2024,$0.0014,5550639,$0.0014,$0.0014,$0.0013
02/06/2024,$0.0014,27114090,$0.0014,$0.0014,$0.0012
02/05/2024,$0.0014,15364760,$0.0013,$0.0014,$0.0012
02/02/2024,$0.0014,33454670,$0.0014,$0.0015,$0.0012
02/01/2024,$0.0014,27341550,$0.0014,$0.0015,$0.0014
01/31/2024,$0.0015,25396170,$0.0014,$0.0016,$0.0014
01/30/2024,$0.0014,13384260,$0.0015,$0.0015,$0.0014
01/29/2024,$0.0015,18060500,$0.0015,$0.0016,$0.0014
01/26/2024,$0.0015,8651798,$0.0015,$0.0016,$0.0014
01/25/2024,$0.0015,8860439,$0.0014,$0.0016,$0.0014
01/24/2024,$0.0014,7500044,$0.0014,$0.0015,$0.0013
01/23/2024,$0.0015,37593290,$0.0015,$0.0016,$0.0013
01/22/2024,$0.0016,18123150,$0.0017,$0.0017,$0.0015
01/19/2024,$0.0017,3638279,$0.0017,$0.0017,$0.0016
01/18/2024,$0.0016,6703158,$0.0017,$0.0017,$0.0015
01/17/2024,$0.0015,18796890,$0.0017,$0.0017,$0.0015
01/16/2024,$0.0017,35574590,$0.0017,$0.0018,$0.0015
01/12/2024,$0.0017,24373660,$0.0017,$0.0018,$0.0016
01/11/2024,$0.0018,18360750,$0.0019,$0.0019,$0.0017
01/10/2024,$0.0018,4500147,$0.0017,$0.0018,$0.0017
01/09/2024,$0.0017,5244456,$0.0018,$0.0019,$0.0017
01/08/2024,$0.0018,24336930,$0.0017,$0.0019,$0.0016
01/05/2024,$0.0016,31756200,$0.0017,$0.0018,$0.0016
01/04/2024,$0.0017,23451910,$0.0018,$0.0019,$0.0017
01/03/2024,$0.0017,16233090,$0.0018,$0.0018,$0.0016
01/02/2024,$0.0018,20320040,$0.0018,$0.0018,$0.0016
12/29/2023,$0.0017,24870250,$0.0017,$0.0018,$0.0016
12/28/2023,$0.0017,25759870,$0.0018,$0.0019,$0.0017
12/27/2023,$0.0018,17841530,$0.0018,$0.0019,$0.0017
12/26/2023,$0.0018,20315660,$0.0018,$0.002,$0.0017
12/22/2023,$0.0019,38213690,$0.0018,$0.002,$0.0018
12/21/2023,$0.0019,28631870,$0.0019,$0.002,$0.0018
12/20/2023,$0.002,12398170,$0.0018,$0.002,$0.0018
12/19/2023,$0.0019,27974700,$0.0019,$0.0021,$0.0018
12/18/2023,$0.0019,31387750,$0.002,$0.0022,$0.0019
12/15/2023,$0.0022,26483030,$0.0025,$0.0025,$0.0019
12/14/2023,$0.0019,32238740,$0.0018,$0.002,$0.0018
12/13/2023,$0.0019,25251590,$0.002,$0.0021,$0.0018
12/12/2023,$0.0019,33923280,$0.002,$0.0021,$0.0018
12/11/2023,$0.0019,30022460,$0.0021,$0.0022,$0.0018
12/08/2023,$0.0021,24812610,$0.0022,$0.0023,$0.002
12/07/2023,$0.0022,29188020,$0.0026,$0.0027,$0.002
12/06/2023,$0.0026,25435700,$0.0028,$0.0029,$0.0022
12/05/2023,$0.0028,31708260,$0.0029,$0.0032,$0.0025
12/04/2023,$0.003,34131080,$0.0026,$0.0032,$0.0023
12/01/2023,$0.0025,45967990,$0.002,$0.0026,$0.002
11/30/2023,$0.0021,13273630,$0.0022,$0.0022,$0.002
11/29/2023,$0.002,42284320,$0.0019,$0.0023,$0.0017
11/28/2023,$0.0018,20673490,$0.0017,$0.0018,$0.0016
11/27/2023,$0.0017,24155990,$0.0017,$0.0019,$0.0016
11/24/2023,$0.0019,15117100,$0.0018,$0.0019,$0.0016
11/22/2023,$0.0018,26896560,$0.0017,$0.0018,$0.0016
11/21/2023,$0.0018,28435160,$0.0019,$0.0019,$0.0017
11/20/2023,$0.0019,26450690,$0.002,$0.002,$0.0017
11/17/2023,$0.0019,2232565,$0.002,$0.002,$0.0019
11/16/2023,$0.002,2258244,$0.0018,$0.002,$0.0016
11/15/2023,$0.002,19841150,$0.0018,$0.002,$0.0018
11/14/2023,$0.0018,28323830,$0.002,$0.0022,$0.0017
11/13/2023,$0.0021,27141310,$0.002,$0.0022,$0.0018
11/10/2023,$0.0019,29651970,$0.0018,$0.0019,$0.0018
11/09/2023,$0.0018,25256470,$0.0019,$0.0019,$0.0018
11/08/2023,$0.0019,19110370,$0.002,$0.002,$0.0018
11/07/2023,$0.0021,29090460,$0.002,$0.0021,$0.0018
11/06/2023,$0.0019,34497370,$0.0023,$0.0024,$0.0018
11/03/2023,$0.0022,23847220,$0.0023,$0.0023,$0.0021
11/02/2023,$0.0022,34261800,$0.0024,$0.0024,$0.0021
11/01/2023,$0.0024,12224540,$0.0023,$0.0025,$0.0022
10/31/2023,$0.0026,14758800,$0.0026,$0.0027,$0.0022
10/30/2023,$0.0025,17152650,$0.0027,$0.0028,$0.0024
10/27/2023,$0.0027,18924100,$0.0028,$0.0029,$0.0025
10/26/2023,$0.0028,17246640,$0.0026,$0.0032,$0.0025
10/25/2023,$0.0027,21184870,$0.0027,$0.0029,$0.0026
10/24/2023,$0.0027,25412540,$0.0025,$0.0029,$0.0024
10/23/2023,$0.0025,8876201,$0.0025,$0.0029,$0.0024
10/20/2023,$0.0026,12304980,$0.0029,$0.0029,$0.0025
10/19/2023,$0.0027,55893310,$0.0019,$0.003,$0.0018
10/18/2023,$0.0019,33789260,$0.0022,$0.0022,$0.0018
10/17/2023,$0.0022,12233360,$0.0023,$0.0024,$0.0021
10/16/2023,$0.0022,13344150,$0.0022,$0.0024,$0.0022
10/13/2023,$0.0023,10566230,$0.0028,$0.0028,$0.002
10/12/2023,$0.0025,18238570,$0.0026,$0.0026,$0.0022
10/11/2023,$0.0026,4627824,$0.0026,$0.0027,$0.0024
10/10/2023,$0.0025,13259400,$0.0027,$0.0027,$0.0024
10/09/2023,$0.0027,4665484,$0.0028,$0.003,$0.0024
10/06/2023,$0.0027,9490142,$0.0024,$0.0027,$0.0021
10/05/2023,$0.0025,22998410,$0.0028,$0.003,$0.0021
10/04/2023,$0.0029,12305790,$0.0031,$0.0032,$0.0028
10/03/2023,$0.0031,14905690,$0.0031,$0.0033,$0.003
10/02/2023,$0.0032,14104390,$0.0038,$0.0038,$0.0031
09/29/2023,$0.0036,15475270,$0.0037,$0.0037,$0.0034
09/28/2023,$0.0037,5473722,$0.0035,$0.0038,$0.0032
09/27/2023,$0.0035,4959046,$0.0032,$0.0035,$0.0031
09/26/2023,$0.0034,9228969,$0.0032,$0.0035,$0.0032
09/25/2023,$0.0034,9266017,$0.0037,$0.0037,$0.0032
09/22/2023,$0.0036,12590020,$0.0034,$0.0036,$0.0033
09/21/2023,$0.0034,6900669,$0.0035,$0.0035,$0.0032
09/20/2023,$0.0035,28914660,$0.0035,$0.0035,$0.0032
09/19/2023,$0.0036,14571400,$0.0037,$0.0039,$0.0035
09/18/2023,$0.0038,12296910,$0.0039,$0.004,$0.0037
09/15/2023,$0.0039,13478270,$0.004,$0.0041,$0.0039
09/14/2023,$0.004,22514580,$0.0043,$0.0043,$0.0038
09/13/2023,$0.0041,7803207,$0.0042,$0.0043,$0.0041
09/12/2023,$0.0041,4528879,$0.0044,$0.0044,$0.0041
09/11/2023,$0.0043,5355886,$0.0042,$0.0043,$0.0042
09/08/2023,$0.0042,5773883,$0.0044,$0.0045,$0.0042
09/07/2023,$0.0045,10567530,$0.0046,$0.0046,$0.0042
09/06/2023,$0.0044,9116020,$0.0045,$0.0046,$0.0044
09/05/2023,$0.0045,6622854,$0.0045,$0.0046,$0.0044
09/01/2023,$0.0046,14488000,$0.0047,$0.0048,$0.0045
08/31/2023,$0.0047,12376710,$0.0047,$0.0049,$0.0046
08/30/2023,$0.005,15801160,$0.0049,$0.0051,$0.0046
08/29/2023,$0.0049,13475010,$0.0046,$0.005,$0.0045
08/28/2023,$0.005,3490789,$0.0049,$0.0052,$0.0048
08/25/2023,$0.0049,7044762,$0.0055,$0.0055,$0.0045
08/24/2023,$0.0055,10947010,$0.0049,$0.0055,$0.0044
08/23/2023,$0.005,22554480,$0.0053,$0.0053,$0.004
08/22/2023,$0.0052,12125430,$0.0055,$0.0057,$0.005
08/21/2023,$0.0056,18706500,$0.0052,$0.006,$0.005
08/18/2023,$0.0053,8345217,$0.0055,$0.0056,$0.0052
08/17/2023,$0.0055,3735721,$0.0055,$0.0058,$0.0054
08/16/2023,$0.0055,7329111,$0.0056,$0.006,$0.0053
08/15/2023,$0.0056,14503630,$0.0058,$0.0058,$0.0051
08/14/2023,$0.0057,4024572,$0.0056,$0.0059,$0.0055
08/11/2023,$0.0056,6689249,$0.0058,$0.006,$0.0056
08/10/2023,$0.006,3292109,$0.0059,$0.0061,$0.0057
08/09/2023,$0.006,6742333,$0.0058,$0.006,$0.0056
08/08/2023,$0.0058,4827290,$0.0058,$0.0063,$0.0057
08/07/2023,$0.0062,13665820,$0.0063,$0.0063,$0.0056
08/04/2023,$0.0062,5155232,$0.0064,$0.0064,$0.0059
08/03/2023,$0.0064,8863013,$0.0063,$0.0065,$0.0057
08/02/2023,$0.0062,4261058,$0.006,$0.0062,$0.0059
08/01/2023,$0.0061,3128814,$0.006,$0.0063,$0.0058
07/31/2023,$0.006,7805451,$0.0059,$0.0063,$0.0057
07/28/2023,$0.006,8722350,$0.006,$0.0063,$0.0058
07/27/2023,$0.006,6084550,$0.0062,$0.0062,$0.0056
07/26/2023,$0.0061,15443070,$0.0062,$0.0062,$0.0055
07/25/2023,$0.0062,16935350,$0.0073,$0.0075,$0.0061
07/24/2023,$0.0074,3740091,$0.0075,$0.0075,$0.0072
07/21/2023,$0.0074,1957974,$0.0073,$0.0075,$0.0072
07/20/2023,$0.0073,2135604,$0.0072,$0.0075,$0.0072
07/19/2023,$0.0074,3670281,$0.0073,$0.0079,$0.0072
07/18/2023,$0.0075,3848357,$0.0074,$0.0078,$0.0073
07/17/2023,$0.0076,4266072,$0.0073,$0.0077,$0.0072
07/14/2023,$0.0076,18780000,$0.0076,$0.0079,$0.0073
07/13/2023,$0.0081,4354870,$0.0079,$0.0084,$0.0079
07/12/2023,$0.0082,2930573,$0.0085,$0.0085,$0.0077
07/11/2023,$0.0081,3200438,$0.0078,$0.0083,$0.0077
07/10/2023,$0.0077,6330905,$0.0083,$0.0085,$0.0077
07/07/2023,$0.008,7595387,$0.0079,$0.0084,$0.0077
07/06/2023,$0.0079,10950510,$0.0075,$0.0084,$0.0074
07/05/2023,$0.0076,9479996,$0.0076,$0.0079,$0.0072
07/03/2023,$0.0077,3541118,$0.008,$0.008,$0.0075
06/30/2023,$0.0076,12550800,$0.0074,$0.0083,$0.007
06/29/2023,$0.0074,14567530,$0.007,$0.0078,$0.0069
06/28/2023,$0.0069,6888837,$0.0065,$0.0069,$0.0065
06/27/2023,$0.0066,9133819,$0.0064,$0.0072,$0.0062
06/26/2023,$0.0064,6548849,$0.0066,$0.0071,$0.0064
06/23/2023,$0.0063,3388483,$0.0065,$0.0065,$0.0061
06/22/2023,$0.0065,8547159,$0.006,$0.0065,$0.0058
06/21/2023,$0.0063,7460248,$0.0065,$0.0068,$0.0058
06/20/2023,$0.0065,5783661,$0.0062,$0.0068,$0.006
06/16/2023,$0.0063,5675955,$0.0062,$0.0065,$0.006
06/15/2023,$0.0063,5569293,$0.0064,$0.0065,$0.0058
06/14/2023,$0.0064,10476810,$0.0062,$0.007,$0.006
06/13/2023,$0.0061,6831261,$0.0062,$0.0069,$0.0058
06/12/2023,$0.0062,27622880,$0.0072,$0.0074,$0.0057
06/09/2023,$0.007,15176670,$0.0063,$0.007,$0.006
06/08/2023,$0.0063,21447730,$0.0053,$0.007,$0.0053
06/07/2023,$0.0054,2431969,$0.0052,$0.0054,$0.0051
06/06/2023,$0.0053,8735325,$0.0053,$0.0054,$0.0052
06/05/2023,$0.0053,8855334,$0.0051,$0.0055,$0.005
06/02/2023,$0.0051,3096325,$0.0051,$0.0053,$0.005
06/01/2023,$0.0053,2336380,$0.0055,$0.0055,$0.005
05/31/2023,$0.0052,3123252,$0.0052,$0.0055,$0.005
05/30/2023,$0.0052,5060338,$0.0051,$0.0052,$0.005
05/26/2023,$0.0051,6905482,$0.0049,$0.0052,$0.0049
05/25/2023,$0.005,4042108,$0.0051,$0.0052,$0.0049
05/24/2023,$0.0052,1419957,$0.005,$0.0052,$0.0049
05/23/2023,$0.005,5010476,$0.0051,$0.0053,$0.005
05/22/2023,$0.005,6145024,$0.005,$0.0054,$0.0048
05/19/2023,$0.005,2871149,$0.005,$0.0051,$0.0048
05/18/2023,$0.005,2783160,$0.005,$0.0051,$0.005
05/17/2023,$0.005,2850006,$0.0051,$0.0052,$0.005
05/16/2023,$0.005,5139869,$0.0054,$0.0054,$0.0048
05/15/2023,$0.0054,5267541,$0.0052,$0.0054,$0.0051
05/12/2023,$0.0052,2942506,$0.0051,$0.0053,$0.0051
05/11/2023,$0.0052,2864798,$0.0051,$0.0053,$0.005
05/10/2023,$0.0052,2180306,$0.0051,$0.0052,$0.0051
05/09/2023,$0.0052,2882577,$0.0052,$0.0053,$0.0049
05/08/2023,$0.0052,4326563,$0.0052,$0.0053,$0.0048
05/05/2023,$0.0052,6593162,$0.0052,$0.0053,$0.0048
05/04/2023,$0.0052,2537130,$0.0049,$0.0053,$0.0049
05/03/2023,$0.0049,10145830,$0.005,$0.0053,$0.0047
05/02/2023,$0.005,10625900,$0.0052,$0.0053,$0.0049
05/01/2023,$0.0051,4677338,$0.005,$0.0053,$0.005
04/28/2023,$0.0052,3187506,$0.0052,$0.0054,$0.0051
04/27/2023,$0.0052,4596747,$0.0053,$0.0054,$0.005
04/26/2023,$0.0053,6913007,$0.0056,$0.0057,$0.0051
04/25/2023,$0.0056,2150849,$0.0054,$0.0057,$0.0053
04/24/2023,$0.0055,5878493,$0.0053,$0.0057,$0.0052
04/21/2023,$0.0056,4167334,$0.0055,$0.0064,$0.0051
04/20/2023,$0.0054,10899330,$0.0053,$0.0057,$0.005
04/19/2023,$0.0053,8730095,$0.0057,$0.0057,$0.0053
04/18/2023,$0.0055,7522673,$0.0057,$0.0059,$0.0055
04/17/2023,$0.0059,7864396,$0.006,$0.0062,$0.0056
04/14/2023,$0.006,5265948,$0.0059,$0.006,$0.0057
04/13/2023,$0.0058,3962724,$0.0057,$0.0059,$0.0057
04/12/2023,$0.0056,11079560,$0.006,$0.006,$0.0056
04/11/2023,$0.0059,7181152,$0.0063,$0.0063,$0.0058
04/10/2023,$0.006,2455585,$0.0061,$0.0062,$0.0056
04/06/2023,$0.0061,4220043,$0.0061,$0.0063,$0.006
04/05/2023,$0.0062,9458014,$0.006,$0.0062,$0.0059
04/04/2023,$0.0061,6229873,$0.0059,$0.0062,$0.0059
04/03/2023,$0.0059,5055982,$0.006,$0.0062,$0.0059
03/31/2023,$0.0061,7807552,$0.0063,$0.0064,$0.006
03/30/2023,$0.0063,4494953,$0.0063,$0.0065,$0.0061
03/29/2023,$0.0063,7380618,$0.0065,$0.0066,$0.0061
03/28/2023,$0.0065,4298181,$0.0068,$0.0069,$0.0061
03/27/2023,$0.0068,3939572,$0.0065,$0.0068,$0.0062
03/24/2023,$0.0067,4745463,$0.0067,$0.0069,$0.0063
03/23/2023,$0.0067,3039593,$0.007,$0.007,$0.0066
03/22/2023,$0.007,4128712,$0.0067,$0.0072,$0.0065
03/21/2023,$0.0071,10032130,$0.0067,$0.0072,$0.0065
03/20/2023,$0.0067,4939650,$0.0063,$0.0069,$0.0062
03/17/2023,$0.0066,5767075,$0.0063,$0.007,$0.0061
03/16/2023,$0.0063,5312512,$0.007,$0.007,$0.0061
03/15/2023,$0.0064,15911130,$0.006,$0.0073,$0.006
03/14/2023,$0.0061,6219745,$0.006,$0.0063,$0.0059
03/13/2023,$0.006,6277843,$0.006,$0.0061,$0.0058
03/10/2023,$0.0059,4343180,$0.0066,$0.0067,$0.0059
03/09/2023,$0.0063,8934161,$0.0062,$0.0067,$0.0059
03/08/2023,$0.0061,6496084,$0.0062,$0.0064,$0.006
03/07/2023,$0.0062,2604519,$0.0063,$0.0067,$0.0061
03/06/2023,$0.0065,5263670,$0.0063,$0.007,$0.0062
03/03/2023,$0.0061,2392115,$0.006,$0.0065,$0.006
03/02/2023,$0.0064,3393867,$0.0063,$0.0064,$0.0059
03/01/2023,$0.0063,11338750,$0.0061,$0.0063,$0.0059
02/28/2023,$0.0062,4416422,$0.0062,$0.0063,$0.0061
02/27/2023,$0.0061,6526267,$0.0064,$0.0065,$0.0061
02/24/2023,$0.0063,9041151,$0.0066,$0.0067,$0.0061
02/23/2023,$0.0067,13034900,$0.0071,$0.0072,$0.0063
02/22/2023,$0.0071,7656322,$0.0072,$0.0073,$0.007
02/21/2023,$0.0073,3804822,$0.0078,$0.0078,$0.0072
02/17/2023,$0.0077,3687380,$0.0074,$0.0082,$0.0073
02/16/2023,$0.0074,6655929,$0.0076,$0.0077,$0.0071
02/15/2023,$0.0076,4783825,$0.0078,$0.008,$0.0073
02/14/2023,$0.0078,5784576,$0.0085,$0.0085,$0.0075
02/13/2023,$0.0083,11803310,$0.008,$0.0086,$0.0076
02/10/2023,$0.008,5486075,$0.0078,$0.0081,$0.0076
02/09/2023,$0.0077,17978930,$0.0086,$0.0086,$0.0075
02/08/2023,$0.0085,13261980,$0.0091,$0.0091,$0.0082
02/07/2023,$0.009,8334336,$0.0085,$0.009,$0.0082
02/06/2023,$0.0083,16218230,$0.009,$0.0097,$0.0081
02/03/2023,$0.0088,14809800,$0.0082,$0.0099,$0.008
02/02/2023,$0.0082,8814656,$0.0083,$0.0084,$0.0081
02/01/2023,$0.0082,7731336,$0.0082,$0.0085,$0.008
01/31/2023,$0.0082,7949079,$0.0073,$0.0083,$0.0073
01/30/2023,$0.0073,7552899,$0.0075,$0.0075,$0.0071
01/27/2023,$0.0074,9454395,$0.0073,$0.0078,$0.0071
01/26/2023,$0.0075,11562320,$0.0077,$0.0079,$0.0072
01/25/2023,$0.0076,15798640,$0.0075,$0.0078,$0.007
01/24/2023,$0.008,12937520,$0.0088,$0.009,$0.0078
01/23/2023,$0.0086,29758230,$0.0084,$0.0099,$0.0081
01/20/2023,$0.0081,31955550,$0.008,$0.0084,$0.007
01/19/2023,$0.0079,100150100,$0.0116,$0.0117,$0.0076
01/18/2023,$0.011,106049200,$0.0083,$0.0112,$0.008
01/17/2023,$0.0078,32344460,$0.0064,$0.0078,$0.0063
01/13/2023,$0.0063,12626000,$0.0061,$0.0064,$0.0058
01/12/2023,$0.0058,22947060,$0.0066,$0.0066,$0.0058
01/11/2023,$0.0063,34972320,$0.0052,$0.0066,$0.0051
01/10/2023,$0.0052,7658573,$0.0051,$0.0055,$0.005
01/09/2023,$0.005,5892218,$0.0051,$0.0052,$0.0048
01/06/2023,$0.0051,13211390,$0.0048,$0.0051,$0.0045
01/05/2023,$0.005,3448718,$0.005,$0.0051,$0.0049
01/04/2023,$0.005,6719468,$0.0051,$0.0052,$0.0048
01/03/2023,$0.0048,18310910,$0.0052,$0.0055,$0.0048
12/30/2022,$0.005,22152300,$0.0046,$0.005,$0.0043
12/29/2022,$0.0048,25952320,$0.0044,$0.005,$0.0042
12/28/2022,$0.0049,16696140,$0.005,$0.0052,$0.0046
12/27/2022,$0.0051,20606440,$0.005,$0.0053,$0.005
12/23/2022,$0.0051,4963074,$0.0051,$0.0053,$0.005
12/22/2022,$0.0051,14213890,$0.0052,$0.0058,$0.0049
12/21/2022,$0.0052,8082808,$0.0052,$0.0053,$0.005
12/20/2022,$0.0052,7995756,$0.0051,$0.0054,$0.005
12/19/2022,$0.0052,12464130,$0.0053,$0.0053,$0.005
12/16/2022,$0.0053,23226040,$0.0051,$0.0054,$0.005
12/15/2022,$0.0051,9970287,$0.0053,$0.0055,$0.005
12/14/2022,$0.0053,8422139,$0.0053,$0.0055,$0.0052
12/13/2022,$0.0053,6407789,$0.0054,$0.0055,$0.0053
12/12/2022,$0.0053,6738580,$0.0054,$0.0056,$0.005
12/09/2022,$0.0055,12578300,$0.0056,$0.0058,$0.0054
12/08/2022,$0.0056,9186777,$0.0057,$0.0058,$0.0055
12/07/2022,$0.0058,10318500,$0.0059,$0.0061,$0.0056
12/06/2022,$0.0059,6081091,$0.0063,$0.0064,$0.0058
12/05/2022,$0.0061,4333627,$0.006,$0.0064,$0.0058
12/02/2022,$0.0061,6836554,$0.0061,$0.0063,$0.0058
12/01/2022,$0.0061,4427806,$0.0061,$0.0064,$0.0057
11/30/2022,$0.0063,14142620,$0.0064,$0.0067,$0.006
11/29/2022,$0.0064,7757882,$0.0061,$0.0066,$0.0058
11/28/2022,$0.0061,6484753,$0.0062,$0.0063,$0.006
11/25/2022,$0.0062,11437030,$0.0062,$0.0065,$0.0059
11/23/2022,$0.0064,15559720,$0.007,$0.0074,$0.006
11/22/2022,$0.0073,34050480,$0.009,$0.0092,$0.0067
11/21/2022,$0.0088,67267160,$0.0058,$0.0092,$0.0058
11/18/2022,$0.006,9622313,$0.0058,$0.0061,$0.0056
11/17/2022,$0.0057,13377900,$0.0059,$0.0061,$0.0056
11/16/2022,$0.0059,5178126,$0.0065,$0.0066,$0.0059
11/15/2022,$0.0062,11434190,$0.0058,$0.0065,$0.0056
11/14/2022,$0.0057,13002380,$0.0059,$0.006,$0.0056
11/11/2022,$0.006,5014836,$0.0059,$0.006,$0.0059
11/10/2022,$0.006,12575980,$0.006,$0.0061,$0.0058
11/09/2022,$0.0059,7905357,$0.006,$0.0061,$0.0058
11/08/2022,$0.0061,12595990,$0.0063,$0.0063,$0.006
11/07/2022,$0.0063,13857700,$0.0067,$0.0067,$0.0062
11/04/2022,$0.0064,2342666,$0.0065,$0.0066,$0.0063
11/03/2022,$0.0066,5177121,$0.0067,$0.0067,$0.0062
11/02/2022,$0.0066,5490229,$0.0067,$0.0067,$0.0063
11/01/2022,$0.0067,6443885,$0.0066,$0.007,$0.0065
10/31/2022,$0.0068,6187155,$0.0067,$0.007,$0.0064
10/28/2022,$0.0066,9410414,$0.0066,$0.0069,$0.0062
10/27/2022,$0.0066,19936120,$0.0074,$0.0074,$0.0064
10/26/2022,$0.0067,10428630,$0.007,$0.0072,$0.0066
10/25/2022,$0.0072,12243580,$0.0068,$0.0072,$0.0067
10/24/2022,$0.0071,9100670,$0.0072,$0.0072,$0.0066
10/21/2022,$0.0072,7255802,$0.0074,$0.0075,$0.007
10/20/2022,$0.0075,14374610,$0.0079,$0.0082,$0.0072
10/19/2022,$0.0081,9107523,$0.0075,$0.0083,$0.0072
10/18/2022,$0.0075,4001358,$0.0071,$0.0077,$0.007
10/17/2022,$0.0071,10682930,$0.0073,$0.0078,$0.0065
10/14/2022,$0.007,6090268,$0.0073,$0.0077,$0.0069
10/13/2022,$0.0073,7829854,$0.0071,$0.0077,$0.007
10/12/2022,$0.0073,6063822,$0.0069,$0.0076,$0.0069
10/11/2022,$0.0071,24705760,$0.0074,$0.0075,$0.0065
10/10/2022,$0.0078,12710720,$0.0087,$0.0091,$0.0073
10/07/2022,$0.0086,13549860,$0.0098,$0.0098,$0.0085
10/06/2022,$0.0094,6712479,$0.0099,$0.01,$0.0092
10/05/2022,$0.0098,2317868,$0.01,$0.0103,$0.0096
10/04/2022,$0.0101,4617472,$0.0098,$0.0103,$0.009
10/03/2022,$0.0098,6512334,$0.01,$0.01,$0.0096
09/30/2022,$0.0098,4062442,$0.0098,$0.01,$0.0096
09/29/2022,$0.0096,5243440,$0.0098,$0.0099,$0.0095
09/28/2022,$0.0097,4871442,$0.0091,$0.01,$0.0091
09/27/2022,$0.0098,8986514,$0.01,$0.01,$0.0095
09/26/2022,$0.01,10974710,$0.0101,$0.0103,$0.0095
09/23/2022,$0.0103,6299989,$0.0102,$0.0105,$0.01
09/22/2022,$0.0101,11597810,$0.0109,$0.0116,$0.01
09/21/2022,$0.0109,5816052,$0.0108,$0.0112,$0.0106
09/20/2022,$0.011,5196353,$0.0106,$0.0113,$0.0101
09/19/2022,$0.0109,5691315,$0.011,$0.0115,$0.0101
09/16/2022,$0.0114,2411802,$0.0113,$0.0115,$0.0111
09/15/2022,$0.0113,8054597,$0.0105,$0.0116,$0.0105
09/14/2022,$0.0109,5619626,$0.011,$0.0111,$0.0106
09/13/2022,$0.0111,4523030,$0.0106,$0.0118,$0.0104
09/12/2022,$0.0109,10869210,$0.0105,$0.0115,$0.0104
09/09/2022,$0.0109,8971139,$0.0112,$0.0112,$0.0107
09/08/2022,$0.011,5344022,$0.0109,$0.0115,$0.0109
09/07/2022,$0.011,9940028,$0.012,$0.012,$0.0109
09/06/2022,$0.012,11050120,$0.0115,$0.0123,$0.0105
09/02/2022,$0.0115,6126869,$0.0118,$0.0118,$0.0109
09/01/2022,$0.011,8340334,$0.0114,$0.0115,$0.0109
08/31/2022,$0.0112,3834905,$0.0109,$0.0118,$0.0108
08/30/2022,$0.011,17563830,$0.0113,$0.0115,$0.0104
08/29/2022,$0.0113,10753780,$0.0122,$0.0123,$0.0111
08/26/2022,$0.0122,7206670,$0.0114,$0.013,$0.0111
08/25/2022,$0.0116,17513100,$0.0112,$0.0119,$0.01
08/24/2022,$0.0113,14423830,$0.0116,$0.0117,$0.0111
08/23/2022,$0.0116,16553180,$0.0123,$0.0123,$0.01
08/22/2022,$0.0123,13298880,$0.0128,$0.013,$0.0121
08/19/2022,$0.0129,5932918,$0.0128,$0.013,$0.0125
08/18/2022,$0.013,7239323,$0.0125,$0.0145,$0.0123
08/17/2022,$0.0131,21651660,$0.0134,$0.014,$0.0125
08/16/2022,$0.0145,15462440,$0.0153,$0.0153,$0.0136
08/15/2022,$0.0153,9571737,$0.0151,$0.016,$0.0146
08/12/2022,$0.0147,4651269,$0.015,$0.015,$0.0145
08/11/2022,$0.0149,9086088,$0.0157,$0.0157,$0.0146
08/10/2022,$0.0159,8186720,$0.0161,$0.0163,$0.015
08/09/2022,$0.0156,18207420,$0.0163,$0.0175,$0.0154
08/08/2022,$0.0163,32314880,$0.0148,$0.0176,$0.0144
08/05/2022,$0.0145,6913868,$0.0142,$0.016,$0.0138
08/04/2022,$0.0142,12072400,$0.0138,$0.0155,$0.0134
08/03/2022,$0.0139,13077290,$0.0198,$0.0198,$0.0135
08/02/2022,$0.0143,19169580,$0.013,$0.0145,$0.0126
08/01/2022,$0.0127,11828130,$0.0131,$0.0132,$0.0125
07/29/2022,$0.0131,5081242,$0.013,$0.0131,$0.0128
07/28/2022,$0.013,5775472,$0.0131,$0.0134,$0.0127
07/27/2022,$0.0128,9209907,$0.0126,$0.0133,$0.0126
07/26/2022,$0.013,7024853,$0.0128,$0.0137,$0.0128
07/25/2022,$0.013,5040838,$0.0134,$0.0137,$0.0128
07/22/2022,$0.0134,5685934,$0.0129,$0.0134,$0.0126
07/21/2022,$0.0129,8073666,$0.0135,$0.0138,$0.0129
07/20/2022,$0.0131,5602410,$0.0131,$0.0137,$0.0128
07/19/2022,$0.0131,3820530,$0.0135,$0.0139,$0.0125
07/18/2022,$0.0126,9183930,$0.0124,$0.0136,$0.0124
07/15/2022,$0.0124,7445966,$0.0127,$0.0127,$0.0122
07/14/2022,$0.0128,2565175,$0.0125,$0.013,$0.0122
07/13/2022,$0.0129,8810386,$0.0135,$0.0137,$0.0121
07/12/2022,$0.0135,2576998,$0.0132,$0.0143,$0.0125
07/11/2022,$0.0143,5951118,$0.0155,$0.0155,$0.0134
07/08/2022,$0.0154,9694612,$0.0156,$0.0161,$0.0147
07/07/2022,$0.0156,19388480,$0.0164,$0.0169,$0.0144
07/06/2022,$0.0165,42416450,$0.0127,$0.0165,$0.0122
07/05/2022,$0.0122,5974195,$0.012,$0.0127,$0.0117
07/01/2022,$0.012,6671142,$0.0122,$0.0126,$0.0117
06/30/2022,$0.0122,6060903,$0.0127,$0.013,$0.0115
06/29/2022,$0.0128,5649033,$0.0133,$0.0137,$0.0125
06/28/2022,$0.0133,3509112,$0.0135,$0.0137,$0.013
06/27/2022,$0.0137,4335258,$0.0135,$0.0139,$0.0126
06/24/2022,$0.0136,5446082,$0.0135,$0.015,$0.0135
06/23/2022,$0.014,6237411,$0.0144,$0.015,$0.0132
06/22/2022,$0.0149,2096756,$0.0144,$0.015,$0.0137
06/21/2022,$0.0144,9948517,$0.014,$0.0149,$0.0123
06/17/2022,$0.014,21803900,$0.0126,$0.017,$0.0121
06/16/2022,$0.0124,11491400,$0.0116,$0.0135,$0.0116
06/15/2022,$0.0124,16762010,$0.011,$0.0125,$0.0103
06/14/2022,$0.0111,32332710,$0.0123,$0.0126,$0.0103
06/13/2022,$0.0125,24416780,$0.0145,$0.0147,$0.0121
06/10/2022,$0.0146,7563963,$0.015,$0.0153,$0.0145
06/09/2022,$0.0149,13526090,$0.0157,$0.0162,$0.0148
06/08/2022,$0.016,6811947,$0.016,$0.0162,$0.0153
06/07/2022,$0.0159,6582263,$0.0162,$0.0162,$0.0155
06/06/2022,$0.0161,10164560,$0.017,$0.0174,$0.0155
06/03/2022,$0.017,4942012,$0.0169,$0.0178,$0.0162
06/02/2022,$0.0169,4340166,$0.017,$0.0175,$0.0165
06/01/2022,$0.017,6015765,$0.0178,$0.0185,$0.0162
05/31/2022,$0.0176,4373817,$0.0185,$0.019,$0.017
05/27/2022,$0.0185,10591880,$0.0177,$0.0198,$0.0171
05/26/2022,$0.0177,12935570,$0.017,$0.0205,$0.0156
05/25/2022,$0.016,28764570,$0.0175,$0.0177,$0.0151
05/24/2022,$0.0178,9543223,$0.0192,$0.0195,$0.0174
05/23/2022,$0.0192,3506267,$0.0189,$0.0197,$0.0189
05/20/2022,$0.0192,11849540,$0.019,$0.0199,$0.0189
05/19/2022,$0.0198,6736532,$0.0202,$0.0205,$0.0195
05/18/2022,$0.0201,8435457,$0.0202,$0.0207,$0.019
05/17/2022,$0.0201,11609630,$0.0209,$0.0209,$0.0195
05/16/2022,$0.0206,9641255,$0.0205,$0.0209,$0.0195
05/13/2022,$0.021,7257375,$0.0195,$0.0216,$0.0195
05/12/2022,$0.0201,12548290,$0.0198,$0.025,$0.0191
05/11/2022,$0.0198,10453020,$0.0205,$0.021,$0.0195
05/10/2022,$0.0203,9001694,$0.0202,$0.0219,$0.02
05/09/2022,$0.0202,15986920,$0.0235,$0.0238,$0.0202
05/06/2022,$0.0237,14976850,$0.025,$0.0271,$0.02
05/05/2022,$0.0248,6417211,$0.0268,$0.0269,$0.0247
05/04/2022,$0.0269,6277076,$0.0289,$0.0289,$0.0247
05/03/2022,$0.027,11987600,$0.024,$0.0289,$0.023
05/02/2022,$0.024,7592289,$0.0257,$0.0268,$0.02
04/29/2022,$0.0257,25939670,$0.0257,$0.027,$0.022
04/28/2022,$0.0256,30094990,$0.0301,$0.0302,$0.0241
04/27/2022,$0.0289,58751250,$0.0254,$0.0305,$0.0226
04/26/2022,$0.0226,25716010,$0.02,$0.0226,$0.019
04/25/2022,$0.02,8640781,$0.02,$0.0219,$0.0198
04/22/2022,$0.0203,12058930,$0.0194,$0.0205,$0.019
04/21/2022,$0.02,19636260,$0.0206,$0.0206,$0.0189
04/20/2022,$0.0206,8122761,$0.0206,$0.021,$0.0201
04/19/2022,$0.0206,5626360,$0.0204,$0.021,$0.02
04/18/2022,$0.0204,13856180,$0.021,$0.022,$0.0198
04/14/2022,$0.0209,5952024,$0.0225,$0.0225,$0.0204
04/13/2022,$0.0213,8345184,$0.0204,$0.0217,$0.02
04/12/2022,$0.0204,19313810,$0.0221,$0.023,$0.0192
04/11/2022,$0.0222,9343444,$0.023,$0.0239,$0.0219
04/08/2022,$0.0237,13575030,$0.0244,$0.0245,$0.0225
04/07/2022,$0.0244,9561607,$0.0245,$0.026,$0.0231
04/06/2022,$0.0251,8763542,$0.0253,$0.0255,$0.0246
04/05/2022,$0.0259,6463471,$0.026,$0.026,$0.0245
04/04/2022,$0.0258,16906190,$0.0248,$0.026,$0.024
04/01/2022,$0.0249,11113760,$0.024,$0.028,$0.0231
03/31/2022,$0.0248,5564210,$0.025,$0.029,$0.0241
03/30/2022,$0.025,5023861,$0.0243,$0.025,$0.024
03/29/2022,$0.0246,11350980,$0.0255,$0.0257,$0.0242
03/28/2022,$0.0251,11800910,$0.0245,$0.0257,$0.024
03/25/2022,$0.0252,9146622,$0.0257,$0.0257,$0.024
03/24/2022,$0.0253,7886802,$0.0256,$0.027,$0.0244
03/23/2022,$0.0256,6881942,$0.0254,$0.026,$0.0246
03/22/2022,$0.0255,13255830,$0.0261,$0.0273,$0.024
03/21/2022,$0.0262,8711295,$0.0277,$0.029,$0.025
03/18/2022,$0.0279,28133000,$0.0247,$0.0279,$0.0246
03/17/2022,$0.0248,11597630,$0.0233,$0.0255,$0.0229
03/16/2022,$0.0233,10734170,$0.0231,$0.0239,$0.0225
03/15/2022,$0.0233,10381840,$0.0234,$0.0235,$0.0212
03/14/2022,$0.0235,28652880,$0.0246,$0.026,$0.0212
03/11/2022,$0.0245,38170410,$0.0234,$0.0272,$0.023
03/10/2022,$0.0232,14718130,$0.0214,$0.0233,$0.0205
03/09/2022,$0.0213,10463370,$0.02,$0.0222,$0.0199
03/08/2022,$0.0203,22023410,$0.021,$0.022,$0.0191
03/07/2022,$0.0209,41647740,$0.0235,$0.0236,$0.019
03/04/2022,$0.0236,4756456,$0.0238,$0.0245,$0.023
03/03/2022,$0.0241,10894750,$0.0226,$0.0259,$0.022
03/02/2022,$0.0227,9816084,$0.024,$0.024,$0.0215
03/01/2022,$0.0234,7461661,$0.024,$0.026,$0.0232
02/28/2022,$0.0238,9991308,$0.0229,$0.0255,$0.0221
02/25/2022,$0.0224,15077490,$0.0215,$0.0236,$0.0201
02/24/2022,$0.0211,42983740,$0.0201,$0.0211,$0.0168
02/23/2022,$0.0202,21059040,$0.0222,$0.0245,$0.0201
02/22/2022,$0.023,22686630,$0.023,$0.0239,$0.0202
02/18/2022,$0.0239,12192420,$0.024,$0.0244,$0.0233
02/17/2022,$0.0239,17742890,$0.0269,$0.027,$0.0238
02/16/2022,$0.0257,27086560,$0.027,$0.0275,$0.0243
02/15/2022,$0.027,10296700,$0.0266,$0.0281,$0.026
02/14/2022,$0.0266,10509240,$0.0281,$0.0285,$0.0265
02/11/2022,$0.0276,8974161,$0.0287,$0.0289,$0.0274
02/10/2022,$0.0286,7649484,$0.028,$0.0295,$0.028
02/09/2022,$0.028,7846752,$0.0275,$0.0286,$0.0273
02/08/2022,$0.0274,10835980,$0.0289,$0.029,$0.0272
02/07/2022,$0.029,10578170,$0.0295,$0.03,$0.0281
02/04/2022,$0.0295,9554769,$0.0298,$0.0315,$0.0286
02/03/2022,$0.0295,11267010,$0.0304,$0.0315,$0.0291
02/02/2022,$0.0308,7914963,$0.0334,$0.0336,$0.0302
02/01/2022,$0.0322,10635920,$0.0297,$0.0328,$0.0297
01/31/2022,$0.03,16361640,$0.0295,$0.0319,$0.0292
01/28/2022,$0.028,8810990,$0.028,$0.0299,$0.0265
01/27/2022,$0.0274,8088054,$0.0281,$0.031,$0.0263
01/26/2022,$0.0288,15406570,$0.0299,$0.031,$0.027
01/25/2022,$0.0281,10047660,$0.0288,$0.0298,$0.026
01/24/2022,$0.0293,59807140,$0.0298,$0.0299,$0.0212
01/21/2022,$0.0304,21092380,$0.0317,$0.0327,$0.0298
01/20/2022,$0.0319,20401720,$0.031,$0.0336,$0.029
01/19/2022,$0.0307,13274570,$0.0313,$0.033,$0.0302
01/18/2022,$0.0316,13585200,$0.033,$0.0335,$0.0311
01/14/2022,$0.0332,9882388,$0.0334,$0.034,$0.0321
01/13/2022,$0.0334,9990127,$0.0338,$0.034,$0.0328
01/12/2022,$0.0336,8683544,$0.0325,$0.0347,$0.0325
01/11/2022,$0.033,11576930,$0.033,$0.0344,$0.032
01/10/2022,$0.0338,12789010,$0.0335,$0.0343,$0.0315
01/07/2022,$0.034,13298610,$0.034,$0.0359,$0.0323
01/06/2022,$0.034,20004010,$0.039,$0.0394,$0.0326
01/05/2022,$0.0365,46929010,$0.0388,$0.0431,$0.0334
01/04/2022,$0.0389,34595130,$0.0332,$0.0389,$0.0328
01/03/2022,$0.0327,18834790,$0.0327,$0.034,$0.0294
12/31/2021,$0.0313,41187640,$0.0336,$0.0336,$0.0303
12/30/2021,$0.0335,31464090,$0.03,$0.0354,$0.03
12/29/2021,$0.03,34844700,$0.0315,$0.0325,$0.03
12/28/2021,$0.032,42505930,$0.0336,$0.034,$0.0301
12/27/2021,$0.0339,28634100,$0.0351,$0.0353,$0.0338
12/23/2021,$0.0353,16974820,$0.0353,$0.0358,$0.0349
12/22/2021,$0.0353,17039590,$0.0359,$0.0359,$0.035
12/21/2021,$0.0358,16629850,$0.0364,$0.0365,$0.035
12/20/2021,$0.0359,19125530,$0.0376,$0.0379,$0.0351
12/17/2021,$0.0375,19793990,$0.0387,$0.0389,$0.0367
12/16/2021,$0.0384,12389050,$0.0385,$0.0392,$0.0381
12/15/2021,$0.0384,15940530,$0.0391,$0.0393,$0.0381
12/14/2021,$0.0392,23522620,$0.04,$0.0419,$0.0382
12/13/2021,$0.0391,17954410,$0.0398,$0.04,$0.0381
12/10/2021,$0.04,13028980,$0.0398,$0.041,$0.039
12/09/2021,$0.0398,13020020,$0.041,$0.0437,$0.0395
12/08/2021,$0.0406,18436150,$0.0395,$0.042,$0.0388
12/07/2021,$0.0398,16969100,$0.0395,$0.041,$0.0393
12/06/2021,$0.04,45975250,$0.0447,$0.0447,$0.0381
12/03/2021,$0.0421,21683720,$0.0421,$0.0437,$0.04
12/02/2021,$0.0423,22039950,$0.0401,$0.0442,$0.0401
12/01/2021,$0.0428,30427090,$0.049,$0.049,$0.041
11/30/2021,$0.0469,19849420,$0.0495,$0.0504,$0.0451
11/29/2021,$0.05,38119200,$0.0585,$0.059,$0.048
11/26/2021,$0.0514,34933290,$0.0529,$0.0547,$0.0492
11/24/2021,$0.0491,22891690,$0.049,$0.051,$0.0468
11/23/2021,$0.0469,27554590,$0.0485,$0.0539,$0.046
11/22/2021,$0.0499,34918340,$0.0547,$0.0547,$0.0482
11/19/2021,$0.0536,45968110,$0.055,$0.0563,$0.0491
11/18/2021,$0.0534,77762860,$0.07,$0.0718,$0.0501
11/17/2021,$0.0665,87145230,$0.06,$0.0755,$0.0597
11/16/2021,$0.0597,240967400,$0.0782,$0.088,$0.058
11/15/2021,$0.078,175946600,$0.0557,$0.078,$0.0531
11/12/2021,$0.0532,65489380,$0.0523,$0.057,$0.0505
11/11/2021,$0.05,71694420,$0.043,$0.052,$0.043
11/10/2021,$0.0437,48407720,$0.0388,$0.0445,$0.0388
11/09/2021,$0.0392,12035220,$0.041,$0.041,$0.0385
11/08/2021,$0.0395,32077520,$0.0388,$0.041,$0.0372
11/05/2021,$0.0367,11280920,$0.0373,$0.0382,$0.036
11/04/2021,$0.0373,17584930,$0.0321,$0.039,$0.0321
11/03/2021,$0.0381,28054040,$0.0342,$0.0389,$0.0342
11/02/2021,$0.0349,58845740,$0.0383,$0.0396,$0.0339
11/01/2021,$0.0383,15479460,$0.0399,$0.0399,$0.038
10/29/2021,$0.0392,13187930,$0.0392,$0.04,$0.0375
10/28/2021,$0.0393,12055650,$0.0394,$0.041,$0.0382
10/27/2021,$0.0387,16457770,$0.0407,$0.041,$0.0381
10/26/2021,$0.04,18337770,$0.039,$0.0436,$0.0388
10/25/2021,$0.0398,20507420,$0.0409,$0.041,$0.0389
10/22/2021,$0.0415,32037630,$0.0453,$0.0475,$0.0405
10/21/2021,$0.0468,23988620,$0.0448,$0.0475,$0.0425
10/20/2021,$0.0447,68443090,$0.0451,$0.0517,$0.0425
10/19/2021,$0.0481,127166300,$0.0398,$0.05,$0.0376
10/18/2021,$0.0379,18566830,$0.0377,$0.0382,$0.0371
10/15/2021,$0.0377,19366570,$0.035,$0.0383,$0.035
10/14/2021,$0.037,16864260,$0.036,$0.038,$0.0351
10/13/2021,$0.0353,38392380,$0.0379,$0.0379,$0.0333
10/12/2021,$0.0381,16435150,$0.0389,$0.0389,$0.0369
10/11/2021,$0.0381,15435170,$0.0399,$0.041,$0.0371
10/08/2021,$0.04,22673830,$0.0416,$0.0419,$0.0388
10/07/2021,$0.0419,25728070,$0.0371,$0.0419,$0.0371
10/06/2021,$0.0372,16414980,$0.0397,$0.0397,$0.0366
10/05/2021,$0.0389,38750340,$0.0382,$0.0399,$0.036
10/04/2021,$0.0394,55515390,$0.042,$0.044,$0.0355
10/01/2021,$0.0425,19640490,$0.0455,$0.0455,$0.042
09/30/2021,$0.0445,21754770,$0.043,$0.046,$0.043
09/29/2021,$0.043,45824870,$0.048,$0.048,$0.0421
09/28/2021,$0.0479,19479400,$0.0485,$0.05,$0.0473
09/27/2021,$0.0497,15497060,$0.0498,$0.056,$0.0488
09/24/2021,$0.0493,18695530,$0.0503,$0.0503,$0.0481
09/23/2021,$0.0502,14044720,$0.0504,$0.0518,$0.0488
09/22/2021,$0.05,16689870,$0.0488,$0.0529,$0.0488
09/21/2021,$0.0488,18687120,$0.0495,$0.051,$0.048
09/20/2021,$0.0491,18935890,$0.0506,$0.0509,$0.0481
09/17/2021,$0.051,14342690,$0.0524,$0.0524,$0.0501
09/16/2021,$0.0516,17323700,$0.0557,$0.0557,$0.0505
09/15/2021,$0.0558,37585010,$0.049,$0.058,$0.0486
09/14/2021,$0.0506,29481730,$0.053,$0.053,$0.05
09/13/2021,$0.0529,16203660,$0.0545,$0.0545,$0.0511
09/10/2021,$0.0534,21000390,$0.0579,$0.0579,$0.0526
09/09/2021,$0.0563,16241150,$0.0599,$0.0599,$0.0551
09/08/2021,$0.0561,17045720,$0.054,$0.0575,$0.054
09/07/2021,$0.0551,18369480,$0.058,$0.06,$0.0551
09/03/2021,$0.0551,17280060,$0.058,$0.058,$0.055
09/02/2021,$0.0549,27463000,$0.054,$0.0587,$0.054
09/01/2021,$0.0553,29557260,$0.058,$0.0584,$0.0541
08/31/2021,$0.0578,129063900,$0.056,$0.069,$0.0515
08/30/2021,$0.0565,38584860,$0.0605,$0.0629,$0.056
08/27/2021,$0.061,66702460,$0.065,$0.069,$0.0596
08/26/2021,$0.065,282972600,$0.0775,$0.0938,$0.0625
08/25/2021,$0.0732,153377000,$0.0525,$0.075,$0.0497
08/24/2021,$0.0517,33721810,$0.0545,$0.0586,$0.0502
08/23/2021,$0.054,33469650,$0.0499,$0.055,$0.0472
08/20/2021,$0.0464,34936860,$0.045,$0.05,$0.0425
08/19/2021,$0.0463,73538980,$0.0505,$0.0512,$0.0401
08/18/2021,$0.0513,41008220,$0.0515,$0.055,$0.0501
08/17/2021,$0.0546,27606040,$0.057,$0.0575,$0.0518
08/16/2021,$0.0565,31267970,$0.0591,$0.0614,$0.0543
08/13/2021,$0.0589,12901600,$0.0605,$0.0615,$0.0575
08/12/2021,$0.0609,13623130,$0.0619,$0.0622,$0.0595
08/11/2021,$0.0599,11584760,$0.0613,$0.0634,$0.059
08/10/2021,$0.0615,18990660,$0.065,$0.065,$0.056
08/09/2021,$0.0566,15785730,$0.06,$0.06,$0.0551
08/06/2021,$0.059,13380850,$0.06,$0.0635,$0.0581
08/05/2021,$0.0615,12397150,$0.0572,$0.062,$0.0572
08/04/2021,$0.0589,16710450,$0.0602,$0.0609,$0.056
08/03/2021,$0.0603,10936740,$0.0639,$0.064,$0.0602
08/02/2021,$0.0621,11738110,$0.0605,$0.066,$0.0605
07/30/2021,$0.062,12331500,$0.0625,$0.0666,$0.061
07/29/2021,$0.0664,32919810,$0.0623,$0.0693,$0.0616
07/28/2021,$0.0609,11335480,$0.0586,$0.062,$0.057
07/27/2021,$0.0591,19311620,$0.0589,$0.06,$0.0565
07/26/2021,$0.0573,16804530,$0.059,$0.062,$0.0562
07/23/2021,$0.0606,14491410,$0.0631,$0.064,$0.058
07/22/2021,$0.0631,16233870,$0.07,$0.07,$0.0622
07/21/2021,$0.0675,31986210,$0.0656,$0.0699,$0.0648
07/20/2021,$0.0621,49098600,$0.0509,$0.0635,$0.05
07/19/2021,$0.0506,48470990,$0.0551,$0.0569,$0.05
07/16/2021,$0.0562,35623430,$0.0587,$0.059,$0.0546
07/15/2021,$0.0592,34903020,$0.062,$0.062,$0.0555
07/14/2021,$0.0623,61501790,$0.064,$0.0645,$0.0595
07/13/2021,$0.065,25567000,$0.0667,$0.0683,$0.0631
07/12/2021,$0.0674,22049820,$0.0691,$0.0709,$0.0661
07/09/2021,$0.0699,18577110,$0.068,$0.073,$0.068
07/08/2021,$0.069,30732190,$0.07,$0.071,$0.0661
07/07/2021,$0.0706,21547230,$0.0742,$0.0747,$0.07
07/06/2021,$0.0733,15181530,$0.0729,$0.0748,$0.072
07/02/2021,$0.0723,17819170,$0.0747,$0.0747,$0.0715
07/01/2021,$0.0748,23089480,$0.0745,$0.076,$0.0704
06/30/2021,$0.0737,16230260,$0.077,$0.077,$0.073
06/29/2021,$0.0754,24089100,$0.0764,$0.08,$0.0731
06/28/2021,$0.0754,27843670,$0.075,$0.0765,$0.073
06/25/2021,$0.0725,41191770,$0.075,$0.076,$0.072
06/24/2021,$0.0734,27621620,$0.0749,$0.075,$0.071
06/23/2021,$0.0726,31143170,$0.0759,$0.0759,$0.0718
06/22/2021,$0.0725,42873090,$0.0769,$0.0769,$0.0712
06/21/2021,$0.0756,39854920,$0.0781,$0.0789,$0.075
06/18/2021,$0.0784,27143190,$0.0785,$0.08,$0.0769
06/17/2021,$0.0793,30040470,$0.079,$0.081,$0.078
06/16/2021,$0.0799,44263040,$0.085,$0.085,$0.077
06/15/2021,$0.08,47401770,$0.0801,$0.0832,$0.0791
06/14/2021,$0.0816,46626150,$0.087,$0.089,$0.081
06/11/2021,$0.0872,48598220,$0.091,$0.0934,$0.0841
06/10/2021,$0.089,117455000,$0.1026,$0.1089,$0.088
06/09/2021,$0.098,120478600,$0.082,$0.0993,$0.0819
06/08/2021,$0.0819,35459980,$0.083,$0.0865,$0.0808
06/07/2021,$0.083,66024450,$0.078,$0.0865,$0.078
06/04/2021,$0.078,27622240,$0.0749,$0.0819,$0.0749
06/03/2021,$0.0757,34648210,$0.0778,$0.082,$0.0739
06/02/2021,$0.078,44179290,$0.0815,$0.0819,$0.0775
06/01/2021,$0.0812,29696380,$0.0835,$0.085,$0.0799
05/28/2021,$0.084,23108980,$0.083,$0.084,$0.0799
05/27/2021,$0.0839,25782720,$0.0889,$0.0889,$0.081
05/26/2021,$0.0845,28169700,$0.0805,$0.086,$0.079
05/25/2021,$0.08,20416300,$0.081,$0.082,$0.078
05/24/2021,$0.0815,22262130,$0.084,$0.089,$0.08
05/21/2021,$0.084,48847000,$0.0801,$0.0895,$0.078
05/20/2021,$0.079,46844650,$0.075,$0.08,$0.0703
05/19/2021,$0.077,37240690,$0.077,$0.079,$0.075
05/18/2021,$0.08,37338510,$0.081,$0.083,$0.077
05/17/2021,$0.0804,39738990,$0.085,$0.085,$0.077
05/14/2021,$0.083,39267390,$0.09,$0.09,$0.0801
05/13/2021,$0.0825,50749700,$0.0974,$0.0974,$0.08
05/12/2021,$0.09,104025600,$0.0816,$0.1042,$0.0761
05/11/2021,$0.0818,65010460,$0.0801,$0.0829,$0.07
05/10/2021,$0.0815,46179630,$0.0926,$0.0926,$0.0801
05/07/2021,$0.0919,44863520,$0.0975,$0.0988,$0.0879
05/06/2021,$0.0919,53944290,$0.1097,$0.11,$0.0918
05/05/2021,$0.105,21199960,$0.11,$0.111,$0.1009
05/04/2021,$0.1105,32659400,$0.1181,$0.1194,$0.1023
05/03/2021,$0.1194,33657670,$0.122,$0.1315,$0.115
04/30/2021,$0.119,58816390,$0.121,$0.127,$0.1101
04/29/2021,$0.1143,29178340,$0.112,$0.1249,$0.11
04/28/2021,$0.1094,51551560,$0.1101,$0.111,$0.095
04/27/2021,$0.113,54884250,$0.137,$0.137,$0.1111
04/26/2021,$0.1319,74293310,$0.1349,$0.14,$0.1263
04/23/2021,$0.1273,121241100,$0.126,$0.1318,$0.12
04/22/2021,$0.1119,238502200,$0.0911,$0.129,$0.091
04/21/2021,$0.0883,172708500,$0.0601,$0.0894,$0.0532
04/20/2021,$0.0638,85974850,$0.0737,$0.0746,$0.06
04/19/2021,$0.0738,32174590,$0.079,$0.08,$0.0714
04/16/2021,$0.0783,55097470,$0.0783,$0.0799,$0.07
04/15/2021,$0.0782,100279500,$0.0829,$0.084,$0.07
04/14/2021,$0.081,46654430,$0.0903,$0.094,$0.0801
04/13/2021,$0.0897,79325340,$0.085,$0.095,$0.0802
04/12/2021,$0.0803,67326600,$0.099,$0.099,$0.0801
04/09/2021,$0.0915,34054190,$0.093,$0.099,$0.0905
04/08/2021,$0.0905,42511890,$0.0905,$0.095,$0.09
04/07/2021,$0.0901,53886750,$0.095,$0.096,$0.09
04/06/2021,$0.097,48930480,$0.1016,$0.1021,$0.0921
04/05/2021,$0.1015,62933070,$0.112,$0.1133,$0.0999
04/01/2021,$0.1095,125235500,$0.0906,$0.119,$0.0905
03/31/2021,$0.092,66622400,$0.094,$0.099,$0.0903
03/30/2021,$0.093,71257180,$0.0995,$0.0995,$0.091
03/29/2021,$0.10,53632220,$0.11,$0.1103,$0.0995
03/26/2021,$0.1047,78500550,$0.109,$0.1245,$0.10
03/25/2021,$0.1062,125868100,$0.103,$0.11,$0.0951
03/24/2021,$0.1075,82537570,$0.1239,$0.1274,$0.1051
03/23/2021,$0.1228,39265100,$0.136,$0.1394,$0.1201
03/22/2021,$0.13,55300210,$0.131,$0.14,$0.12
03/19/2021,$0.125,49208340,$0.1213,$0.129,$0.12
03/18/2021,$0.1258,41700710,$0.134,$0.1342,$0.125
03/17/2021,$0.133,113311200,$0.122,$0.145,$0.1102
03/16/2021,$0.1255,197460900,$0.139,$0.14,$0.1125
03/15/2021,$0.1392,143564400,$0.158,$0.158,$0.135
03/12/2021,$0.161,131795600,$0.175,$0.1773,$0.1523
03/11/2021,$0.1737,222592900,$0.185,$0.2046,$0.172
03/10/2021,$0.1804,132143200,$0.1989,$0.1989,$0.167
03/09/2021,$0.1926,159851100,$0.2019,$0.2019,$0.1805
03/08/2021,$0.1717,266059900,$0.1806,$0.209,$0.1651
03/05/2021,$0.166,356010800,$0.095,$0.1688,$0.0812
03/04/2021,$0.094,305392800,$0.1211,$0.128,$0.083
03/03/2021,$0.1332,223075400,$0.17,$0.17,$0.1199
03/02/2021,$0.165,84668430,$0.2007,$0.21,$0.165
03/01/2021,$0.2005,62680260,$0.205,$0.225,$0.192
02/26/2021,$0.1944,162426400,$0.21,$0.2101,$0.1613
02/25/2021,$0.215,84537160,$0.2599,$0.279,$0.2051
02/24/2021,$0.2499,61310890,$0.245,$0.2879,$0.24
02/23/2021,$0.2386,113068400,$0.2491,$0.255,$0.201
02/22/2021,$0.27,100157200,$0.3275,$0.3499,$0.255
02/19/2021,$0.312,105044400,$0.2402,$0.313,$0.2402
02/18/2021,$0.235,184766700,$0.269,$0.269,$0.22
02/17/2021,$0.303,93460540,$0.3511,$0.354,$0.29
02/16/2021,$0.355,104193300,$0.3601,$0.3967,$0.335
02/12/2021,$0.3318,81494500,$0.3345,$0.335,$0.285
02/11/2021,$0.321,133141200,$0.3577,$0.38,$0.29
02/10/2021,$0.3334,219270200,$0.397,$0.397,$0.28
02/09/2021,$0.3532,432927100,$0.42,$0.50,$0.301
02/08/2021,$0.3784,341507600,$0.2499,$0.385,$0.2412
02/05/2021,$0.234,268596400,$0.2099,$0.2495,$0.199
02/04/2021,$0.1949,133153400,$0.20,$0.21,$0.15
02/03/2021,$0.1898,271461100,$0.1755,$0.199,$0.148
02/02/2021,$0.1698,116356400,$0.1704,$0.18,$0.155
02/01/2021,$0.1706,159334700,$0.1687,$0.1751,$0.156
01/29/2021,$0.1455,315932300,$0.13,$0.1645,$0.1149
01/28/2021,$0.1125,524890800,$0.1535,$0.163,$0.085
01/27/2021,$0.139,309101000,$0.191,$0.195,$0.12
01/26/2021,$0.19,719841500,$0.232,$0.27,$0.1505
01/25/2021,$0.199,702840800,$0.0965,$0.2276,$0.0964
01/22/2021,$0.0757,516865000,$0.0585,$0.0799,$0.055
01/21/2021,$0.055,297112900,$0.052,$0.055,$0.044
01/20/2021,$0.043,271822900,$0.049,$0.052,$0.04
01/19/2021,$0.0398,508966800,$0.0375,$0.0455,$0.0325
01/15/2021,$0.0307,505506600,$0.038,$0.0388,$0.02
01/14/2021,$0.0347,600365300,$0.0479,$0.055,$0.03
01/13/2021,$0.0423,871588700,$0.042,$0.065,$0.0345
01/12/2021,$0.0399,988395600,$0.0299,$0.0409,$0.02
01/11/2021,$0.0244,908773100,$0.0148,$0.03,$0.0131
01/08/2021,$0.0119,239939900,$0.0094,$0.02,$0.0084
01/07/2021,$0.0084,80079950,$0.0082,$0.0088,$0.0078
01/06/2021,$0.0076,58260220,$0.0084,$0.0084,$0.0075
01/05/2021,$0.0082,204956700,$0.0106,$0.0106,$0.007
01/04/2021,$0.0086,157553000,$0.0069,$0.0092,$0.0065
12/31/2020,$0.0061,117599900,$0.0062,$0.007,$0.006
12/30/2020,$0.0061,34411750,$0.0058,$0.0062,$0.0058
12/29/2020,$0.0059,39392580,$0.0062,$0.0062,$0.0058
12/28/2020,$0.006,50961830,$0.006,$0.0062,$0.0054
12/24/2020,$0.0058,29570350,$0.0061,$0.0063,$0.0057
12/23/2020,$0.0061,47598240,$0.0061,$0.0063,$0.0058
12/22/2020,$0.0061,29507940,$0.0062,$0.0064,$0.006
12/21/2020,$0.0063,38120880,$0.007,$0.007,$0.006
12/18/2020,$0.0067,39375700,$0.0062,$0.0069,$0.006
12/17/2020,$0.0062,23402210,$0.006,$0.0064,$0.006
12/16/2020,$0.006,18812610,$0.0062,$0.0063,$0.006
12/15/2020,$0.0062,51276870,$0.0065,$0.0067,$0.0059
12/14/2020,$0.0066,57302500,$0.0066,$0.0066,$0.0055
12/11/2020,$0.0064,36748930,$0.0074,$0.0074,$0.0064
12/10/2020,$0.0068,45177440,$0.0073,$0.0073,$0.0063
12/09/2020,$0.0063,55316460,$0.0055,$0.0065,$0.0053
12/08/2020,$0.0055,43214120,$0.0055,$0.0056,$0.0053
12/07/2020,$0.0055,26717310,$0.0053,$0.0056,$0.0052
12/04/2020,$0.0053,20914140,$0.0057,$0.0057,$0.0052
12/03/2020,$0.0056,26347010,$0.007,$0.007,$0.0054
12/02/2020,$0.0055,23260630,$0.0057,$0.0057,$0.0052
12/01/2020,$0.0056,57918470,$0.0057,$0.0058,$0.005
11/30/2020,$0.0054,70205800,$0.0054,$0.0061,$0.0053
11/27/2020,$0.0056,45081570,$0.0058,$0.0058,$0.0054
11/25/2020,$0.0054,62831080,$0.0056,$0.0058,$0.0054
11/24/2020,$0.0056,126887000,$0.006,$0.0063,$0.0055
11/23/2020,$0.0059,32237710,$0.0059,$0.0072,$0.0058
11/20/2020,$0.006,24885560,$0.0059,$0.0061,$0.0057
11/19/2020,$0.0059,34900100,$0.0059,$0.006,$0.0058
11/18/2020,$0.006,33441560,$0.0061,$0.0061,$0.0058
11/17/2020,$0.006,34096540,$0.0061,$0.0061,$0.0059
11/16/2020,$0.006,36156150,$0.0063,$0.0063,$0.006
11/13/2020,$0.0061,32687270,$0.006,$0.0063,$0.0059
11/12/2020,$0.0063,43300430,$0.0062,$0.0065,$0.0058
11/11/2020,$0.0061,39019970,$0.0066,$0.0066,$0.006
11/10/2020,$0.0066,26909200,$0.0064,$0.008,$0.0064
11/09/2020,$0.0065,44544920,$0.0086,$0.0086,$0.0062
11/06/2020,$0.0065,42025470,$0.0056,$0.0067,$0.0056
11/05/2020,$0.0055,64493030,$0.0058,$0.0059,$0.0055
11/04/2020,$0.0058,93105320,$0.0062,$0.0069,$0.0058
11/03/2020,$0.0062,21722780,$0.0061,$0.0063,$0.006
11/02/2020,$0.0061,43306160,$0.0068,$0.0068,$0.0061
10/30/2020,$0.0065,25182540,$0.0087,$0.0087,$0.0063
10/29/2020,$0.0066,28849950,$0.0066,$0.007,$0.006
10/28/2020,$0.0067,43784990,$0.0071,$0.0071,$0.0065
10/27/2020,$0.007,30967520,$0.0073,$0.0073,$0.0069
10/26/2020,$0.0072,13813090,$0.0075,$0.0075,$0.0071
10/23/2020,$0.0072,17263890,$0.0072,$0.0074,$0.007
10/22/2020,$0.0072,21225120,$0.0072,$0.0072,$0.007
10/21/2020,$0.007,19460040,$0.0072,$0.0072,$0.007
10/20/2020,$0.0071,25744990,$0.0072,$0.0072,$0.007
10/19/2020,$0.0071,63370440,$0.0075,$0.0075,$0.007
10/16/2020,$0.0072,29082390,$0.0073,$0.0078,$0.007
10/15/2020,$0.0073,175178500,$0.007,$0.0092,$0.007
10/14/2020,$0.0071,46687040,$0.007,$0.0076,$0.007
10/13/2020,$0.0075,59183090,$0.0089,$0.0089,$0.007
10/12/2020,$0.0082,30427060,$0.0084,$0.0084,$0.0078
10/09/2020,$0.008,108007400,$0.0072,$0.0086,$0.0071
10/08/2020,$0.007,67031330,$0.007,$0.0076,$0.0067
10/07/2020,$0.0071,84905900,$0.0069,$0.0076,$0.0069
10/06/2020,$0.0074,87957730,$0.0082,$0.0087,$0.0072
10/05/2020,$0.0082,66237890,$0.0095,$0.0095,$0.0082
10/02/2020,$0.0082,169199200,$0.0081,$0.009,$0.0066
10/01/2020,$0.008,338755300,$0.01,$0.01,$0.0071
09/30/2020,$0.0094,546618200,$0.016,$0.0163,$0.0086
09/29/2020,$0.0126,875048700,$0.0149,$0.02,$0.0106
09/28/2020,$0.0125,370135800,$0.0079,$0.0126,$0.0071
09/25/2020,$0.007,62852220,$0.0073,$0.0078,$0.0065
09/24/2020,$0.0068,201074300,$0.0065,$0.008,$0.0058
09/23/2020,$0.006,28149070,$0.0062,$0.0065,$0.0059
09/22/2020,$0.0062,52730510,$0.0074,$0.0074,$0.0059
09/21/2020,$0.006,34181480,$0.007,$0.007,$0.0058
09/18/2020,$0.0062,36320730,$0.01,$0.01,$0.006
09/17/2020,$0.0065,29490550,$0.007,$0.007,$0.0065
09/16/2020,$0.0068,44659410,$0.0099,$0.0099,$0.0064
09/15/2020,$0.0072,73033790,$0.0065,$0.0075,$0.0061
09/14/2020,$0.0062,49855410,$0.0055,$0.0065,$0.0051
09/11/2020,$0.0055,29411050,$0.005,$0.0058,$0.005
09/10/2020,$0.0057,46888180,$0.007,$0.007,$0.0055
09/09/2020,$0.0057,48590810,$0.0062,$0.0062,$0.0056
09/08/2020,$0.0059,40997870,$0.0062,$0.0062,$0.0057
09/04/2020,$0.006,45126030,$0.0063,$0.0063,$0.006
09/03/2020,$0.0062,41323370,$0.0065,$0.0067,$0.0061
09/02/2020,$0.0062,56858130,$0.0075,$0.0075,$0.006
09/01/2020,$0.0069,37372320,$0.0079,$0.0079,$0.0068
08/31/2020,$0.0072,83217310,$0.007,$0.0075,$0.0065
08/28/2020,$0.0069,42857280,$0.0064,$0.0086,$0.0064
08/27/2020,$0.0068,52625360,$0.0053,$0.0076,$0.0053
08/26/2020,$0.0068,53507420,$0.0076,$0.0076,$0.0065
08/25/2020,$0.0074,35021050,$0.0085,$0.0085,$0.0073
08/24/2020,$0.0082,83827120,$0.0094,$0.0094,$0.0077
08/21/2020,$0.008,136287100,$0.009,$0.009,$0.0068
08/20/2020,$0.007,74713860,$0.0053,$0.0072,$0.0053
08/19/2020,$0.006,101997800,$0.0062,$0.0068,$0.0055
08/18/2020,$0.0068,66758020,$0.0075,$0.008,$0.0065
08/17/2020,$0.0076,40673890,$0.008,$0.0084,$0.0076
08/14/2020,$0.0081,62126680,$0.0085,$0.0085,$0.0074
08/13/2020,$0.0081,56540230,$0.0093,$0.0093,$0.007
08/12/2020,$0.0081,117867700,$0.0086,$0.0086,$0.0069
08/11/2020,$0.0079,157513300,$0.009,$0.0091,$0.0077
08/10/2020,$0.0081,171812400,$0.01,$0.01,$0.0075
08/07/2020,$0.0076,198036100,$0.006,$0.0079,$0.0059
08/06/2020,$0.0057,132153500,$0.0048,$0.006,$0.0048
08/05/2020,$0.0049,171103500,$0.0061,$0.0061,$0.0046
08/04/2020,$0.0056,130527600,$0.0053,$0.0056,$0.005
08/03/2020,$0.0053,108467000,$0.0053,$0.006,$0.005
07/31/2020,$0.0054,151810700,$0.006,$0.0061,$0.005
07/30/2020,$0.0057,145387600,$0.0061,$0.0063,$0.0055
07/29/2020,$0.0063,141770700,$0.0071,$0.0075,$0.006
07/28/2020,$0.0074,102769600,$0.008,$0.0085,$0.0069
07/27/2020,$0.008,88975620,$0.0095,$0.0095,$0.0074
07/24/2020,$0.0084,45798090,$0.0109,$0.0109,$0.008
07/23/2020,$0.008,65640930,$0.0078,$0.009,$0.0075
07/22/2020,$0.0079,90334970,$0.0093,$0.0098,$0.0077
07/21/2020,$0.009,152174400,$0.007,$0.0098,$0.0067
07/20/2020,$0.0076,187150000,$0.0075,$0.009,$0.0073
07/17/2020,$0.009,109777600,$0.0099,$0.01,$0.0086
07/16/2020,$0.0095,185807500,$0.012,$0.012,$0.0085
07/15/2020,$0.0109,163900600,$0.0117,$0.0129,$0.01
07/14/2020,$0.0115,61862620,$0.0132,$0.0132,$0.0111
07/13/2020,$0.0122,76119070,$0.021,$0.021,$0.0119
07/10/2020,$0.0123,97565650,$0.0111,$0.0138,$0.0111
07/09/2020,$0.0113,145028300,$0.014,$0.014,$0.011
07/08/2020,$0.0129,182579800,$0.016,$0.016,$0.0119
07/07/2020,$0.0148,159345300,$0.021,$0.021,$0.0142
07/06/2020,$0.0171,144715000,$0.021,$0.021,$0.0156
07/02/2020,$0.018,275389200,$0.0205,$0.0208,$0.0155
07/01/2020,$0.023,368192900,$0.015,$0.0249,$0.0119
06/30/2020,$0.0148,232836500,$0.0219,$0.0219,$0.0146
06/29/2020,$0.0207,249143600,$0.0349,$0.035,$0.0196
06/26/2020,$0.027,444287600,$0.0407,$0.042,$0.0185
06/25/2020,$0.036,269337500,$0.0475,$0.048,$0.0289
06/24/2020,$0.04,477540300,$0.0333,$0.053,$0.0314
06/23/2020,$0.0274,378353400,$0.018,$0.0275,$0.0165
06/22/2020,$0.0159,222260300,$0.0112,$0.016,$0.0108
06/19/2020,$0.0108,95260300,$0.012,$0.012,$0.0104
06/18/2020,$0.0113,178818100,$0.0149,$0.0149,$0.0103
06/17/2020,$0.013,90042480,$0.016,$0.017,$0.0127
06/16/2020,$0.014,199293700,$0.0189,$0.0189,$0.0125
06/15/2020,$0.017,261466700,$0.0143,$0.0197,$0.0109
06/12/2020,$0.0105,56128640,$0.01,$0.011,$0.009
06/11/2020,$0.009,78064140,$0.011,$0.011,$0.0085
06/10/2020,$0.0095,61067730,$0.012,$0.012,$0.0092
06/09/2020,$0.0109,76015650,$0.0143,$0.0143,$0.01
06/08/2020,$0.0103,49056730,$0.0081,$0.011,$0.0081
06/05/2020,$0.009,74498480,$0.01,$0.0105,$0.0085
06/04/2020,$0.0099,51537900,$0.0099,$0.01,$0.0086
06/03/2020,$0.009,65037180,$0.01,$0.0106,$0.0085
06/02/2020,$0.0086,174119400,$0.0118,$0.0145,$0.0078
06/01/2020,$0.0117,95682370,$0.0174,$0.019,$0.0106
05/29/2020,$0.0145,100002000,$0.0172,$0.0172,$0.0124
05/28/2020,$0.0129,327673000,$0.0244,$0.0276,$0.0112
05/27/2020,$0.0181,164882700,$0.0096,$0.0187,$0.0078
05/26/2020,$0.0078,87659060,$0.006,$0.008,$0.0054
05/22/2020,$0.0051,67564870,$0.006,$0.0068,$0.005
05/21/2020,$0.005,38132120,$0.0066,$0.0067,$0.0049
05/20/2020,$0.0061,46238990,$0.0084,$0.0084,$0.0058
05/19/2020,$0.0069,38058170,$0.0086,$0.0088,$0.0065
05/18/2020,$0.0077,60594820,$0.01,$0.012,$0.0074
05/15/2020,$0.0081,51154270,$0.0065,$0.0093,$0.0058
05/14/2020,$0.006,49785000,$0.0068,$0.0068,$0.0045
05/13/2020,$0.0068,64458470,$0.0099,$0.0099,$0.0061
05/12/2020,$0.0091,49455800,$0.014,$0.014,$0.0087
05/11/2020,$0.0121,29050800,$0.017,$0.017,$0.0117
05/08/2020,$0.0133,55461140,$0.0149,$0.0149,$0.0115
05/07/2020,$0.013,30020400,$0.0176,$0.0176,$0.0122
05/06/2020,$0.014,53967210,$0.0123,$0.0149,$0.011
05/05/2020,$0.012,29801650,$0.016,$0.016,$0.012
05/04/2020,$0.014,54802310,$0.0129,$0.0179,$0.0124
05/01/2020,$0.0139,53110210,$0.015,$0.0158,$0.0105
04/30/2020,$0.014,63434340,$0.0239,$0.0241,$0.0135
04/29/2020,$0.0229,73469460,$0.015,$0.0247,$0.0133
04/28/2020,$0.0133,21587790,$0.016,$0.016,$0.0128
04/27/2020,$0.0169,21436010,$0.0195,$0.0195,$0.0125
04/24/2020,$0.0186,31590190,$0.0265,$0.0265,$0.0138
04/23/2020,$0.0231,25070220,$0.013,$0.0267,$0.0105
04/22/2020,$0.011,19730510,$0.01,$0.0138,$0.0081
04/21/2020,$0.01,15138130,$0.014,$0.014,$0.0089
04/20/2020,$0.012,12027890,$0.013,$0.0152,$0.0106
04/17/2020,$0.0125,7328078,$0.015,$0.0155,$0.011
04/16/2020,$0.0135,4792996,$0.022,$0.022,$0.0121
04/15/2020,$0.021,3711124,$0.0179,$0.0249,$0.0163
04/14/2020,$0.016,7217663,$0.0295,$0.031,$0.014
04/13/2020,$0.0298,4410965,$0.0398,$0.0398,$0.0245
04/09/2020,$0.031,3307073,$0.04,$0.04,$0.024
04/08/2020,$0.0348,3339306,$0.04,$0.04,$0.0281
04/07/2020,$0.041,4654703,$0.055,$0.055,$0.03
04/06/2020,$0.045,5000324,$0.035,$0.0644,$0.0311
04/03/2020,$0.029,1953253,$0.0575,$0.0575,$0.024
04/02/2020,$0.054,1516685,$0.20,$0.20,$0.051
04/01/2020,$0.10,1522163,$0.0334,$0.12,$0.0201
03/31/2020,$0.0334,561989,$0.0269,$0.0334,$0.017
03/30/2020,$0.018,941173,$0.027,$0.027,$0.018
03/27/2020,$0.0253,640884,$0.0165,$0.029,$0.016
03/26/2020,$0.025,318218,$0.0188,$0.028,$0.0175
03/25/2020,$0.0158,656335,$0.025,$0.025,$0.0151
03/24/2020,$0.0288,802408,$0.032,$0.032,$0.018
03/23/2020,$0.0318,197200,$0.0337,$0.0397,$0.027
03/20/2020,$0.034,1018605,$0.041,$0.0449,$0.02
03/19/2020,$0.0365,321559,$0.0649,$0.065,$0.0365
03/18/2020,$0.06,206117,$0.1176,$0.1176,$0.05
03/17/2020,$0.1175,445027,$0.07,$0.1178,$0.045
03/16/2020,$0.0594,137921,$0.065,$0.1995,$0.0495
03/13/2020,$0.07,514463,$0.068,$0.07,$0.04
03/12/2020,$0.067,510187,$0.13,$0.13,$0.04
03/11/2020,$0.11,363450,$0.14,$0.1899,$0.083
03/10/2020,$0.20,422518,$0.153,$0.22,$0.106
03/09/2020,$0.15,370829,$0.30,$0.30,$0.0999
03/06/2020,$0.2498,627790,$0.1399,$0.2499,$0.08
03/05/2020,$0.12,264762,$0.1029,$0.1245,$0.0801
03/04/2020,$0.1025,488027,$0.24,$0.24,$0.1025
03/03/2020,$0.23,179797,$0.265,$0.3101,$0.205
03/02/2020,$0.31,217767,$0.745,$0.75,$0.25
02/28/2020,$0.55,320819,$0.295,$0.79,$0.22
02/27/2020,$0.30,153591,$0.24,$0.30,$0.20
02/26/2020,$0.24,15862,$0.168,$0.275,$0.1351
02/25/2020,$0.168,2711,$0.188,$0.188,$0.168
02/24/2020,$0.155,62215,$0.11,$0.155,$0.091
02/21/2020,$0.10,57200,$0.1891,$0.1891,$0.091
02/20/2020,$0.1901,18731,$0.15,$0.1901,$0.15
02/19/2020,$0.1901,2992,$0.25,$0.25,$0.1901
02/18/2020,$0.28,1425,$0.30,$0.37,$0.28
02/14/2020,$0.275,14813,$0.25,$0.275,$0.25
02/13/2020,$0.25,96511,$0.208,$0.27,$0.135
02/12/2020,$0.315,4177,$0.25,$0.345,$0.202
02/11/2020,$0.45,4515,$0.25,$0.50,$0.25
02/10/2020,$0.55,2900,$1.00,$2.00,$0.55
02/07/2020,$0.20,10000,$0.30,$0.30,$0.10
02/06/2020,$0.20,151775,$0.30,$0.40,$0.20
02/05/2020,$0.30,3579,$0.25,$0.30,$0.20
02/04/2020,$0.30,1013,$0.25,$0.30,$0.25
02/03/2020,$0.30,154702,$0.30,$0.30,$0.15
01/31/2020,$0.30,2668,$0.30,$0.30,$0.20
01/30/2020,$0.30,41859,$0.40,$0.40,$0.30
01/29/2020,$0.30,15165,$0.30,$0.40,$0.30
01/28/2020,$0.40,26897,$0.30,$0.40,$0.30
01/27/2020,$0.40,2532,$0.40,$0.40,$0.30
01/24/2020,$0.40,7491,$0.40,$0.40,$0.30
01/23/2020,$0.40,32915,$0.40,$0.40,$0.30
01/22/2020,$0.40,21201,$0.45,$0.50,$0.30
01/21/2020,$0.50,70086,$0.50,$0.60,$0.40
01/17/2020,$0.50,54185,$0.40,$0.50,$0.30
01/16/2020,$0.30,22426,$0.35,$0.40,$0.30
01/15/2020,$0.35,14556,$0.30,$0.40,$0.30
01/14/2020,$0.295,47195,$0.40,$0.50,$0.295
01/13/2020,$0.49,19778,$0.55,$0.55,$0.40
01/10/2020,$0.50,21876,$0.70,$0.70,$0.50
01/09/2020,$0.60,33498,$0.90,$0.90,$0.60
01/08/2020,$0.80,25672,$0.90,$0.90,$0.70
01/07/2020,$0.90,26144,$0.90,$1.10,$0.80
01/06/2020,$1.00,50423,$1.10,$1.10,$0.90
01/03/2020,$1.00,13906,$1.20,$1.30,$0.90
01/02/2020,$1.30,38729,$1.00,$1.30,$0.75
12/31/2019,$1.00,29563,$1.20,$1.20,$0.90
12/30/2019,$1.20,25553,$2.00,$2.00,$1.10
12/27/2019,$1.90,109595,$4.50,$5.00,$1.30
12/26/2019,$3.50,99037,$1.35,$4.90,$1.30
12/24/2019,$1.40,24007,$1.10,$1.45,$1.10
12/23/2019,$1.00,4771,$1.20,$1.20,$1.00
12/20/2019,$1.10,21472,$1.30,$1.30,$1.08
12/19/2019,$1.30,19650,$1.20,$1.35,$1.10
12/18/2019,$1.50,5457,$1.30,$1.60,$1.20
12/17/2019,$1.30,37258,$1.50,$1.60,$1.10
12/16/2019,$1.50,9992,$1.80,$1.80,$1.45
12/13/2019,$1.80,1677,$2.00,$2.00,$1.60
12/12/2019,$1.90,22149,$2.60,$2.90,$1.70
12/11/2019,$2.60,31943,$1.40,$3.60,$1.20
12/10/2019,$1.40,13346,$1.88,$2.00,$1.40
12/09/2019,$1.75,8007,$1.90,$2.00,$1.60
12/06/2019,$2.10,2092,$2.50,$3.00,$1.90
12/05/2019,$2.00,3934,$1.80,$3.00,$1.80
12/04/2019,$1.90,715,$1.40,$2.60,$1.40
12/03/2019,$1.90,2876,$1.50,$1.90,$1.20
12/02/2019,$1.40,3263,$2.00,$2.00,$1.40
11/29/2019,$2.00,1207,$2.30,$2.30,$2.00
11/27/2019,$2.70,2516,$3.00,$3.00,$2.10
11/26/2019,$3.00,79,$2.60,$3.00,$2.60
11/25/2019,$3.00,679,$3.00,$3.00,$2.60
11/22/2019,$3.00,380,$3.00,$3.00,$2.60
11/21/2019,$3.00,102,$2.80,$3.00,$2.80
11/20/2019,$2.50,3291,$2.50,$3.00,$2.50
11/19/2019,$2.50,2033,$3.50,$3.50,$2.40
11/18/2019,$3.50,454,$2.80,$3.50,$2.70
11/15/2019,$3.00,592,$3.00,$3.00,$2.70
11/14/2019,$3.00,2595,$3.90,$3.90,$3.00
11/13/2019,$3.90,4036,$4.00,$4.00,$3.10
11/12/2019,$5.00,379,$3.90,$5.50,$3.90
11/11/2019,$4.90,3287,$6.50,$6.50,$4.90
11/08/2019,$6.50,1217,$5.00,$6.50,$5.00
11/07/2019,$5.00,2796,$5.85,$5.85,$4.50
11/06/2019,$6.00,1618,$6.80,$6.80,$5.70
11/05/2019,$6.90,1061,$6.00,$7.00,$5.60
11/04/2019,$6.00,902,$7.20,$7.20,$5.60
11/01/2019,$7.10,890,$7.00,$7.10,$5.90
10/31/2019,$7.40,792,$7.60,$8.00,$6.00
10/30/2019,$6.60,1065,$7.70,$7.70,$6.50
10/29/2019,$7.60,1919,$8.50,$8.50,$7.40
10/28/2019,$8.50,2471,$9.10,$9.10,$8.40
10/25/2019,$9.00,11312,$10.00,$10.00,$7.50
10/24/2019,$8.50,6370,$8.00,$9.80,$7.00
10/23/2019,$8.00,2367,$9.50,$10.00,$7.50
10/22/2019,$9.50,1021,$10.00,$10.10,$9.50
10/21/2019,$10.00,351,$10.26,$10.50,$10.00
10/18/2019,$10.50,3048,$10.50,$11.00,$10.00
10/17/2019,$10.00,4172,$14.00,$14.00,$9.82
10/16/2019,$10.80,3132,$12.35,$14.00,$9.60
10/15/2019,$11.70,2308,$10.10,$11.90,$8.50
10/14/2019,$10.00,3093,$10.20,$18.00,$10.00
10/11/2019,$11.90,4677,$20.00,$20.00,$10.20
10/10/2019,$12.00,5259,$11.50,$13.60,$10.50
10/09/2019,$11.00,3460,$12.30,$13.49,$11.00
10/08/2019,$12.60,854,$11.30,$14.70,$11.30
10/07/2019,$12.10,1610,$11.30,$14.90,$11.30
10/04/2019,$12.70,3006,$12.80,$14.20,$11.50
10/03/2019,$14.00,6968,$18.10,$18.10,$12.50
10/02/2019,$18.70,10867,$23.00,$26.50,$16.00
10/01/2019,$26.00,16244,$13.00,$29.00,$13.00
09/30/2019,$14.50,3179,$9.70,$15.50,$8.70
09/27/2019,$11.00,2047,$10.50,$12.00,$9.00
09/26/2019,$11.09,8347,$9.00,$13.00,$8.40
09/25/2019,$9.00,8362,$10.00,$10.10,$8.10
09/24/2019,$10.00,7374,$11.00,$12.00,$9.20
09/23/2019,$12.50,3229,$12.50,$15.00,$11.00
09/20/2019,$14.18,9531,$10.00,$17.50,$8.60
09/19/2019,$9.80,7700,$11.50,$13.00,$9.10
09/18/2019,$14.00,3857,$15.40,$18.00,$11.50
09/17/2019,$16.00,5204,$11.50,$24.90,$10.10
09/16/2019,$11.00,5046,$14.75,$14.75,$10.20
09/13/2019,$14.80,6210,$10.00,$17.50,$9.50
09/12/2019,$10.00,2072,$10.00,$14.00,$10.00
09/11/2019,$15.00,3283,$11.20,$15.00,$10.006
09/10/2019,$14.50,1558,$20.00,$20.00,$11.20
09/09/2019,$20.00,652,$20.00,$20.00,$19.00
09/06/2019,$18.00,221,$21.00,$21.00,$17.45
09/05/2019,$20.00,1421,$35.00,$36.00,$18.00
09/04/2019,$31.00,40,$32.00,$32.00,$31.00
09/03/2019,$20.00,2,$20.00,$20.00,$20.00
08/30/2019,$37.50,N/A,$37.50,$37.50,$37.50
08/29/2019,$37.50,10,$28.75,$37.50,$28.75
08/28/2019,$30.00,N/A,$30.00,$30.00,$30.00
08/27/2019,$30.00,21,$30.00,$30.00,$30.00
08/26/2019,$40.00,175,$52.00,$60.00,$35.00
08/23/2019,$49.00,111,$28.00,$50.00,$28.00
08/22/2019,$29.30,N/A,$29.30,$29.30,$29.30
08/21/2019,$29.30,N/A,$29.30,$29.30,$29.30
08/20/2019,$29.30,120,$20.00,$29.30,$17.50
08/19/2019,$20.00,18,$20.00,$20.00,$20.00
08/16/2019,$20.00,N/A,$20.00,$20.00,$20.00
08/15/2019,$20.00,N/A,$20.00,$20.00,$20.00
08/14/2019,$20.00,10,$20.00,$20.00,$20.00
08/13/2019,$20.00,N/A,$20.00,$20.00,$20.00
08/12/2019,$20.00,N/A,$20.00,$20.00,$20.00
08/09/2019,$20.00,272,$20.00,$20.00,$12.00
08/08/2019,$25.00,N/A,$25.00,$25.00,$25.00
08/07/2019,$25.00,21,$21.00,$25.00,$21.00
08/06/2019,$25.00,12,$25.00,$25.00,$25.00
08/05/2019,$25.00,N/A,$25.00,$25.00,$25.00
08/02/2019,$25.00,35,$25.00,$25.00,$23.00
08/01/2019,$25.00,158,$20.00,$25.00,$20.00
07/31/2019,$25.00,N/A,$25.00,$25.00,$25.00
07/30/2019,$25.00,30,$22.50,$25.00,$22.50
07/29/2019,$25.00,51,$21.50,$25.00,$21.50
07/26/2019,$25.00,10,$21.50,$25.00,$21.50
07/25/2019,$25.00,N/A,$25.00,$25.00,$25.00
07/24/2019,$25.00,1,$25.00,$25.00,$25.00
07/23/2019,$25.00,21,$25.00,$25.00,$25.00
07/22/2019,$22.00,19,$22.00,$25.00,$22.00
07/19/2019,$21.00,119,$22.00,$25.00,$21.00
07/18/2019,$21.00,21,$22.00,$25.00,$21.00
07/17/2019,$23.00,55,$24.60,$24.60,$23.00
07/16/2019,$25.00,11,$25.00,$25.00,$25.00
07/15/2019,$25.00,81,$23.80,$28.00,$23.80
07/12/2019,$16.25,25,$25.10,$30.00,$16.25
07/11/2019,$27.00,36,$30.00,$30.00,$16.25
07/10/2019,$30.00,37,$30.00,$30.00,$24.82
07/09/2019,$29.00,109,$50.00,$50.00,$22.10
07/08/2019,$25.00,166,$30.00,$30.00,$22.50
07/05/2019,$35.00,63,$45.00,$45.00,$30.00
07/03/2019,$35.00,76,$35.00,$35.00,$25.50
07/02/2019,$40.00,38,$37.50,$44.00,$37.50
07/01/2019,$40.00,65,$31.50,$55.00,$31.50
06/28/2019,$36.00,7,$36.00,$36.00,$36.00
06/27/2019,$35.00,47,$32.00,$38.00,$26.00
06/26/2019,$30.00,22,$30.00,$30.00,$30.00
06/25/2019,$32.40,N/A,$32.40,$32.40,$32.40
06/24/2019,$32.40,15,$32.40,$32.40,$32.40
06/21/2019,$32.45,37,$35.00,$35.00,$30.00
06/20/2019,$40.00,131,$34.00,$45.00,$31.00
06/19/2019,$30.00,45,$25.10,$30.00,$25.10
06/18/2019,$30.00,153,$29.00,$35.00,$29.00
06/17/2019,$30.00,240,$35.00,$38.10,$29.70
06/14/2019,$35.00,37,$26.00,$35.00,$26.00
06/13/2019,$30.00,554,$20.10,$33.00,$19.75
06/12/2019,$24.50,317,$20.00,$25.90,$19.80
06/11/2019,$21.00,141,$26.00,$30.00,$20.50
06/10/2019,$31.00,N/A,$31.00,$31.00,$31.00
06/07/2019,$31.00,464,$40.00,$40.00,$22.00
06/06/2019,$40.00,203,$40.00,$40.00,$37.50
06/05/2019,$43.30,345,$40.00,$50.00,$40.00
06/04/2019,$45.00,88,$37.50,$45.00,$37.50
06/03/2019,$42.50,1,$42.50,$42.50,$42.50
05/31/2019,$45.00,333,$40.00,$45.00,$34.50
05/30/2019,$40.00,102,$45.00,$45.00,$40.00
05/29/2019,$40.00,855,$41.00,$50.00,$40.00
05/28/2019,$45.00,286,$50.00,$50.00,$45.00
05/24/2019,$45.00,806,$90.00,$90.00,$35.00
05/23/2019,$100.00,110,$90.00,$100.00,$90.00
05/22/2019,$120.00,57,$90.00,$120.00,$90.00
05/21/2019,$120.00,13,$100.00,$120.00,$90.00
05/20/2019,$120.00,76,$95.00,$125.00,$90.00
05/17/2019,$110.00,366,$120.00,$120.00,$85.00
05/16/2019,$100.00,111,$120.00,$130.00,$90.00
05/15/2019,$135.00,N/A,$135.00,$135.00,$135.00
05/14/2019,$135.00,54,$150.00,$150.00,$90.00
05/13/2019,$110.00,148,$110.00,$110.00,$110.00
05/10/2019,$109.90,34,$129.90,$129.90,$90.00
05/09/2019,$171.90,N/A,$171.90,$171.90,$171.90
05/08/2019,$171.90,11,$160.00,$194.50,$150.00
05/07/2019,$179.50,50,$195.00,$195.00,$160.00
05/06/2019,$194.00,231,$285.00,$295.00,$180.00
05/03/2019,$295.00,361,$240.00,$300.00,$240.00
05/02/2019,$240.00,806,$127.50,$310.00,$127.50
05/01/2019,$185.00,55,$220.00,$220.00,$150.00
04/30/2019,$200.00,5,$180.00,$275.00,$180.00
04/29/2019,$275.00,17,$300.00,$300.00,$200.00
04/26/2019,$290.00,2,$200.00,$290.00,$200.00
04/25/2019,$300.00,3,$210.00,$300.00,$210.00
04/24/2019,$300.00,7,$210.00,$300.00,$210.00
04/23/2019,$300.00,32,$300.00,$300.00,$290.00
04/22/2019,$410.00,N/A,$410.00,$410.00,$410.00
04/18/2019,$410.00,11,$450.00,$450.00,$410.00
04/17/2019,$430.00,N/A,$430.00,$430.00,$430.00
04/16/2019,$430.00,N/A,$430.00,$430.00,$430.00
04/15/2019,$430.00,N/A,$430.00,$430.00,$430.00
04/12/2019,$430.00,N/A,$430.00,$430.00,$430.00
04/11/2019,$430.00,N/A,$430.00,$430.00,$430.00
04/10/2019,$430.00,6,$400.00,$430.00,$400.00
04/09/2019,$500.00,N/A,$500.00,$500.00,$500.00
04/08/2019,$590.00,4,$590.00,$590.00,$590.00
04/05/2019,$500.00,4,$500.00,$500.00,$500.00
04/04/2019,$650.00,6,$680.00,$680.00,$650.00
04/03/2019,$650.00,13,$579.00,$650.00,$579.00
04/02/2019,$600.00,9,$51.10,$600.00,$51.10
04/01/2019,$600.00,N/A,$600.00,$600.00,$600.00
03/29/2019,$600.00,5,$600.00,$600.00,$600.00
03/28/2019,$640.00,8,$640.00,$640.00,$640.00
03/27/2019,$650.00,11,$650.00,$650.00,$162.00
03/26/2019,$538.00,28,$350.00,$590.00,$300.00
03/25/2019,$450.00,N/A,$450.00,$450.00,$450.00
03/22/2019,$450.00,29,$599.90,$599.90,$252.50
03/21/2019,$600.00,3,$700.00,$700.00,$600.00
03/20/2019,$700.00,N/A,$700.00,$700.00,$700.00
03/19/2019,$700.00,1,$700.00,$700.00,$700.00
03/18/2019,$670.00,1,$670.00,$670.00,$670.00
03/15/2019,$850.00,N/A,$850.00,$850.00,$850.00
03/14/2019,$850.00,N/A,$850.00,$850.00,$850.00
03/13/2019,$850.00,N/A,$850.00,$850.00,$850.00
03/12/2019,$850.00,N/A,$850.00,$850.00,$850.00
03/11/2019,$850.00,3,$850.00,$850.00,$840.00
03/08/2019,$800.00,3,$800.00,$800.00,$800.00
03/07/2019,$700.00,18,$550.00,$700.00,$550.00
03/06/2019,$750.00,3,$750.00,$750.00,$750.00
03/05/2019,$660.00,N/A,$660.00,$660.00,$660.00
03/04/2019,$660.00,N/A,$660.00,$660.00,$660.00
03/01/2019,$700.00,N/A,$700.00,$700.00,$700.00
02/28/2019,$700.00,21,$550.00,$750.00,$550.00
02/27/2019,$1090.00,N/A,$1090.00,$1090.00,$1090.00
02/26/2019,$1090.00,2,$600.00,$1090.00,$600.00
02/25/2019,$690.00,3,$690.00,$690.00,$690.00
02/22/2019,$649.90,7,$700.00,$750.00,$600.00
02/21/2019,$650.00,1,$650.00,$650.00,$650.00
02/20/2019,$500.00,41,$510.00,$850.00,$500.00
02/19/2019,$850.00,N/A,$850.00,$850.00,$850.00
02/15/2019,$850.00,N/A,$850.00,$850.00,$850.00
02/14/2019,$850.00,1,$850.00,$850.00,$850.00
02/13/2019,$725.00,N/A,$725.00,$725.00,$725.00
02/12/2019,$725.00,3,$550.00,$725.00,$550.00
02/11/2019,$890.00,N/A,$890.00,$890.00,$890.00
02/08/2019,$890.00,6,$530.00,$890.00,$530.00
02/07/2019,$890.00,N/A,$890.00,$890.00,$890.00
02/06/2019,$890.00,N/A,$890.00,$890.00,$890.00
02/05/2019,$800.00,N/A,$850.00,$850.00,$350.00
02/04/2019,$800.00,7,$700.00,$800.00,$700.00
02/01/2019,$890.00,17,$650.00,$980.00,$650.00
01/31/2019,$955.00,N/A,$955.00,$955.00,$955.00
01/30/2019,$955.00,4,$955.00,$955.00,$955.00
01/29/2019,$990.00,N/A,$990.00,$990.00,$990.00
01/28/2019,$990.00,8,$1250.00,$1250.00,$615.00
01/25/2019,$1800.00,1,$1250.00,$1800.00,$1250.00
01/24/2019,$999.90,1,$1000.00,$1000.00,$999.90
01/23/2019,$600.00,6,$1000.00,$1000.00,$600.00
01/22/2019,$1000.00,N/A,$1000.00,$1000.00,$1000.00
01/18/2019,$1000.00,N/A,$1000.00,$1000.00,$1000.00
01/17/2019,$600.00,1,$600.00,$600.00,$600.00
01/16/2019,$1050.00,4,$1000.00,$1050.00,$1000.00
01/15/2019,$1100.00,N/A,$1100.00,$1100.00,$1100.00
01/14/2019,$1100.00,N/A,$1100.00,$1100.00,$1100.00
01/11/2019,$1100.00,N/A,$1100.00,$1100.00,$1100.00
01/10/2019,$1100.00,N/A,$1100.00,$1100.00,$1100.00
01/09/2019,$1100.00,N/A,$1100.00,$1100.00,$1100.00
01/08/2019,$1100.00,N/A,$1100.00,$1100.00,$1100.00
01/07/2019,$1100.00,N/A,$1100.00,$1100.00,$1100.00
01/04/2019,$1100.00,6,$1100.00,$1100.00,$1100.00
01/03/2019,$1100.00,N/A,$1100.00,$1100.00,$1100.00
01/02/2019,$1100.00,N/A,$1100.00,$1100.00,$1100.00
12/31/2018,$1100.00,N/A,$1100.00,$1100.00,$1100.00
12/28/2018,$1100.00,N/A,$1100.00,$1100.00,$1100.00
12/27/2018,$1100.00,N/A,$1100.00,$1100.00,$1100.00
12/26/2018,$1100.00,N/A,$1100.00,$1100.00,$1100.00
12/24/2018,$1100.00,N/A,$1100.00,$1100.00,$1100.00
12/21/2018,$1100.00,N/A,$1100.00,$1100.00,$1100.00
12/20/2018,$1100.00,N/A,$1100.00,$1100.00,$1100.00
12/19/2018,$1100.00,N/A,$1100.00,$1100.00,$1100.00
12/18/2018,$1690.00,N/A,$1690.00,$1690.00,$1690.00
12/17/2018,$1690.00,N/A,$1690.00,$1690.00,$1690.00
12/14/2018,$1690.00,N/A,$1690.00,$1690.00,$1690.00
12/13/2018,$1690.00,N/A,$1690.00,$1690.00,$1690.00
12/12/2018,$1690.00,N/A,$1690.00,$1690.00,$1690.00
12/11/2018,$1690.00,N/A,$1690.00,$1690.00,$1690.00
12/10/2018,$1690.00,N/A,$1690.00,$1690.00,$1690.00
12/07/2018,$1690.00,N/A,$1690.00,$1690.00,$1690.00
12/06/2018,$1690.00,N/A,$1690.00,$1690.00,$1690.00
12/04/2018,$1690.00,N/A,$1690.00,$1690.00,$1690.00
12/03/2018,$1690.00,N/A,$1690.00,$1690.00,$1690.00
11/30/2018,$1100.00,N/A,$1100.00,$1100.00,$1100.00
11/29/2018,$1100.00,N/A,$1190.00,$1190.00,$1100.00
11/28/2018,$1680.00,N/A,$1680.00,$1680.00,$1680.00
11/27/2018,$1680.00,N/A,$1680.00,$1680.00,$1680.00
11/26/2018,$1680.00,N/A,$1680.00,$1680.00,$1680.00
11/23/2018,$1680.00,N/A,$1680.00,$1680.00,$1680.00
11/21/2018,$1680.00,N/A,$1680.00,$1680.00,$1680.00
11/20/2018,$1680.00,N/A,$1680.00,$1680.00,$1680.00
11/19/2018,$1680.00,N/A,$1680.00,$1680.00,$1680.00
11/16/2018,$1680.00,N/A,$1680.00,$1680.00,$1680.00
11/15/2018,$1680.00,N/A,$1680.00,$1680.00,$1680.00
11/14/2018,$1680.00,N/A,$1680.00,$1680.00,$1680.00
11/13/2018,$1680.00,N/A,$1680.00,$1680.00,$1680.00
11/12/2018,$1680.00,N/A,$1680.00,$1680.00,$1680.00
11/09/2018,$1680.00,N/A,$1680.00,$1680.00,$1680.00
11/08/2018,$1680.00,N/A,$1680.00,$1680.00,$1680.00
11/07/2018,$1790.00,N/A,$1790.00,$1790.00,$1790.00
11/06/2018,$1790.00,N/A,$1790.00,$1790.00,$1790.00
11/05/2018,$1790.00,N/A,$1790.00,$1790.00,$1790.00
11/02/2018,$1790.00,N/A,$1790.00,$1790.00,$1790.00
11/01/2018,$1790.00,N/A,$1790.00,$1790.00,$1790.00
10/31/2018,$1790.00,N/A,$1790.00,$1790.00,$1790.00
10/30/2018,$1790.00,N/A,$1790.00,$1790.00,$1790.00
10/29/2018,$1790.00,1,$1720.00,$1790.00,$1720.00
10/26/2018,$1790.00,N/A,$1790.00,$1790.00,$1790.00
10/25/2018,$1790.00,N/A,$1790.00,$1790.00,$1790.00
10/24/2018,$1790.00,N/A,$1790.00,$1790.00,$1790.00
10/23/2018,$1800.00,N/A,$1800.00,$1800.00,$1800.00
10/22/2018,$1800.00,2,$1780.00,$1800.00,$1780.00
10/19/2018,$1780.00,1,$1780.00,$1780.00,$1780.00
10/18/2018,$1780.00,1,$1780.00,$1780.00,$1780.00
10/17/2018,$1800.00,N/A,$1800.00,$1800.00,$1800.00
10/16/2018,$1800.00,1,$1750.00,$1800.00,$1750.00
10/15/2018,$1850.00,N/A,$1850.00,$1850.00,$1850.00
10/12/2018,$1850.00,N/A,$1850.00,$1850.00,$1850.00
10/11/2018,$1850.00,N/A,$1850.00,$1850.00,$1850.00
10/10/2018,$1850.00,N/A,$1850.00,$1850.00,$1850.00
10/09/2018,$1850.00,1,$1850.00,$1850.00,$1850.00
10/08/2018,$2100.00,1,$1850.00,$2100.00,$1850.00
10/05/2018,$1750.00,N/A,$1750.00,$1750.00,$1750.00
10/04/2018,$1750.00,N/A,$1750.00,$1750.00,$1750.00
10/03/2018,$1750.00,N/A,$1750.00,$1750.00,$1750.00
10/02/2018,$1750.00,N/A,$1750.00,$1750.00,$1750.00
10/01/2018,$1750.00,N/A,$1750.00,$1750.00,$1750.00
09/28/2018,$1750.00,N/A,$1750.00,$1750.00,$1750.00
09/27/2018,$1750.00,N/A,$1750.00,$1750.00,$1750.00
09/26/2018,$1750.00,N/A,$1750.00,$1750.00,$1750.00
09/25/2018,$1750.00,N/A,$1750.00,$1750.00,$1750.00
09/24/2018,$1750.00,N/A,$1750.00,$1750.00,$1750.00
09/21/2018,$1750.00,N/A,$1750.00,$1750.00,$1750.00
09/20/2018,$1750.00,N/A,$1750.00,$1750.00,$1750.00
09/19/2018,$1750.00,N/A,$1750.00,$1750.00,$1750.00
09/18/2018,$1750.00,N/A,$1750.00,$1750.00,$1750.00
09/17/2018,$1750.00,N/A,$1750.00,$1750.00,$1750.00
09/14/2018,$1750.00,N/A,$1750.00,$1750.00,$1750.00
09/13/2018,$1750.00,N/A,$1750.00,$1750.00,$1750.00
09/12/2018,$1750.00,N/A,$1750.00,$1750.00,$1750.00
09/11/2018,$1750.00,N/A,$1750.00,$1750.00,$1750.00
09/10/2018,$1750.00,N/A,$1750.00,$1750.00,$1750.00
09/07/2018,$1750.00,N/A,$1750.00,$1750.00,$1750.00
09/06/2018,$1750.00,N/A,$1750.00,$1750.00,$1750.00
09/05/2018,$1750.00,N/A,$1750.00,$1750.00,$1750.00
09/04/2018,$1750.00,N/A,$1750.00,$1750.00,$1750.00
08/31/2018,$1750.00,N/A,$1750.00,$1750.00,$1750.00
08/30/2018,$1750.00,N/A,$1750.00,$1750.00,$1750.00
08/29/2018,$1750.00,N/A,$1750.00,$1750.00,$1750.00
08/28/2018,$1750.00,N/A,$1750.00,$1750.00,$1750.00
08/27/2018,$1750.00,N/A,$1750.00,$1750.00,$1750.00
08/24/2018,$1750.00,N/A,$1750.00,$1750.00,$1750.00
08/23/2018,$1750.00,N/A,$1750.00,$1750.00,$1750.00
08/22/2018,$1750.00,N/A,$1750.00,$1750.00,$1750.00
08/21/2018,$1750.00,N/A,$1750.00,$1750.00,$1750.00
08/20/2018,$1750.00,N/A,$1750.00,$1750.00,$1750.00
08/17/2018,$1750.00,N/A,$1750.00,$1750.00,$1750.00
08/16/2018,$1750.00,N/A,$1750.00,$1750.00,$1750.00
08/15/2018,$1750.00,N/A,$1750.00,$1750.00,$1750.00
08/14/2018,$1750.00,N/A,$1750.00,$1750.00,$1750.00
08/13/2018,$1750.00,N/A,$1750.00,$1750.00,$1750.00
08/10/2018,$1750.00,N/A,$1750.00,$1750.00,$1750.00
08/09/2018,$1750.00,N/A,$1750.00,$1750.00,$1750.00
08/08/2018,$1750.00,N/A,$1750.00,$1750.00,$1750.00
08/07/2018,$1750.00,N/A,$1750.00,$1750.00,$1750.00
08/06/2018,$1750.00,N/A,$1750.00,$1750.00,$1750.00
08/03/2018,$1750.00,N/A,$1750.00,$1750.00,$1750.00
08/02/2018,$1750.00,N/A,$1750.00,$1750.00,$1750.00
08/01/2018,$1750.00,N/A,$1750.00,$1750.00,$1750.00
07/31/2018,$1750.00,N/A,$1750.00,$1750.00,$1750.00
07/30/2018,$1750.00,N/A,$1750.00,$1750.00,$1750.00
07/27/2018,$1750.00,N/A,$1750.00,$1750.00,$1750.00
07/26/2018,$1750.00,N/A,$1750.00,$1750.00,$1750.00
07/25/2018,$1750.00,N/A,$1750.00,$1750.00,$1750.00
07/24/2018,$1750.00,N/A,$1750.00,$1750.00,$1750.00
07/23/2018,$1750.00,N/A,$1750.00,$1750.00,$1750.00
07/20/2018,$1750.00,N/A,$1750.00,$1750.00,$1750.00
07/19/2018,$1750.00,N/A,$1750.00,$1750.00,$1750.00
07/18/2018,$1750.00,N/A,$1750.00,$1750.00,$1750.00
07/17/2018,$1750.00,N/A,$1750.00,$1750.00,$1750.00
07/16/2018,$1750.00,N/A,$1750.00,$1750.00,$1750.00
07/13/2018,$1750.00,N/A,$1750.00,$1750.00,$1750.00
07/12/2018,$1750.00,N/A,$1750.00,$1750.00,$1750.00
07/11/2018,$1750.00,N/A,$1750.00,$1750.00,$1750.00
07/10/2018,$1750.00,N/A,$1750.00,$1750.00,$1750.00
07/09/2018,$1750.00,N/A,$1750.00,$1750.00,$1750.00
07/06/2018,$1750.00,N/A,$1750.00,$1750.00,$1750.00
07/05/2018,$1750.00,N/A,$1750.00,$1750.00,$1750.00
07/03/2018,$1750.00,N/A,$1750.00,$1750.00,$1750.00
07/02/2018,$1750.00,N/A,$1750.00,$1750.00,$1750.00
06/29/2018,$1750.00,N/A,$1750.00,$1750.00,$1750.00
06/28/2018,$1750.00,N/A,$1750.00,$1750.00,$1750.00
06/27/2018,$1750.00,N/A,$1750.00,$1750.00,$1750.00
06/26/2018,$1750.00,N/A,$1750.00,$1750.00,$1750.00
06/25/2018,$1750.00,N/A,$1750.00,$1750.00,$1750.00
06/22/2018,$1750.00,N/A,$1750.00,$1750.00,$1750.00
06/21/2018,$1750.00,N/A,$1750.00,$1750.00,$1750.00
06/20/2018,$1750.00,N/A,$1750.00,$1750.00,$1750.00
06/19/2018,$1750.00,N/A,$1750.00,$1750.00,$1750.00
06/18/2018,$1750.00,N/A,$1750.00,$1750.00,$1750.00
06/15/2018,$1750.00,N/A,$1750.00,$1750.00,$1750.00
06/14/2018,$1750.00,N/A,$1750.00,$1750.00,$1750.00
06/13/2018,$1750.00,N/A,$1750.00,$1750.00,$1750.00
06/12/2018,$1750.00,N/A,$1750.00,$1750.00,$1750.00
06/11/2018,$1750.00,N/A,$1750.00,$1750.00,$1750.00
06/08/2018,$1750.00,N/A,$1750.00,$1750.00,$1750.00
06/07/2018,$1750.00,N/A,$1750.00,$1750.00,$1750.00
06/06/2018,$1750.00,N/A,$1750.00,$1750.00,$1750.00
06/05/2018,$1750.00,N/A,$1750.00,$1750.00,$1750.00
06/04/2018,$1750.00,N/A,$1750.00,$1750.00,$1750.00
06/01/2018,$1750.00,N/A,$1750.00,$1750.00,$1750.00
05/31/2018,$1750.00,N/A,$1750.00,$1750.00,$1750.00
05/30/2018,$1750.00,N/A,$1750.00,$1750.00,$1750.00
05/29/2018,$1750.00,N/A,$1750.00,$1750.00,$1750.00
05/25/2018,$1750.00,N/A,$1750.00,$1750.00,$1750.00
05/24/2018,$1750.00,N/A,$1750.00,$1750.00,$1750.00
05/23/2018,$1750.00,N/A,$1750.00,$1750.00,$1750.00
05/22/2018,$1750.00,N/A,$1750.00,$1750.00,$1750.00
05/21/2018,$1750.00,N/A,$1750.00,$1750.00,$1750.00
05/18/2018,$1200.00,N/A,$1200.00,$1200.00,$1200.00
05/17/2018,$1200.00,N/A,$1200.00,$1200.00,$1200.00
05/16/2018,$1200.00,N/A,$1200.00,$1200.00,$1200.00
05/15/2018,$1200.00,N/A,$1200.00,$1200.00,$1200.00
05/14/2018,$1200.00,N/A,$1200.00,$1200.00,$1200.00
05/11/2018,$1200.00,N/A,$1200.00,$1200.00,$1200.00
05/10/2018,$1200.00,N/A,$1200.00,$1200.00,$1200.00
05/09/2018,$1200.00,N/A,$1200.00,$1200.00,$1200.00
05/08/2018,$1200.00,N/A,$1200.00,$1200.00,$1200.00
05/07/2018,$1200.00,N/A,$1200.00,$1200.00,$1200.00
05/04/2018,$1200.00,N/A,$1200.00,$1200.00,$1200.00
05/03/2018,$1200.00,N/A,$1200.00,$1200.00,$1200.00
05/02/2018,$1200.00,N/A,$1200.00,$1200.00,$1200.00
05/01/2018,$1200.00,N/A,$1200.00,$1200.00,$1200.00
04/30/2018,$1200.00,N/A,$1200.00,$1200.00,$1200.00
04/27/2018,$1200.00,N/A,$1200.00,$1200.00,$1200.00
04/26/2018,$1200.00,N/A,$1200.00,$1200.00,$1200.00
04/25/2018,$1200.00,N/A,$1200.00,$1200.00,$1200.00
04/24/2018,$1200.00,N/A,$1200.00,$1200.00,$1200.00
04/23/2018,$1200.00,N/A,$1200.00,$1200.00,$1200.00
04/20/2018,$1200.00,N/A,$1200.00,$1200.00,$1200.00
04/19/2018,$1200.00,N/A,$1200.00,$1200.00,$1200.00
04/18/2018,$1200.00,N/A,$1200.00,$1200.00,$1200.00
04/17/2018,$1200.00,N/A,$1200.00,$1200.00,$1200.00
04/16/2018,$1200.00,N/A,$1200.00,$1200.00,$1200.00
04/13/2018,$1200.00,N/A,$1200.00,$1200.00,$1200.00
04/12/2018,$1200.00,N/A,$1200.00,$1200.00,$1200.00
04/11/2018,$1200.00,N/A,$1200.00,$1200.00,$1200.00
04/10/2018,$1200.00,N/A,$1200.00,$1200.00,$1200.00
04/09/2018,$1200.00,N/A,$1200.00,$1200.00,$1200.00
04/06/2018,$1200.00,N/A,$1200.00,$1200.00,$1200.00
04/05/2018,$1200.00,N/A,$1200.00,$1200.00,$1200.00
04/04/2018,$1200.00,N/A,$1200.00,$1200.00,$1200.00
04/03/2018,$1200.00,N/A,$1200.00,$1200.00,$1200.00
04/02/2018,$1200.00,N/A,$1200.00,$1200.00,$1200.00
03/29/2018,$1200.00,N/A,$1200.00,$1200.00,$1200.00
03/28/2018,$1200.00,N/A,$1200.00,$1200.00,$1200.00
03/27/2018,$1200.00,N/A,$1200.00,$1200.00,$1200.00
03/26/2018,$1200.00,N/A,$1200.00,$1200.00,$1200.00
03/23/2018,$1200.00,N/A,$1200.00,$1200.00,$1200.00
03/22/2018,$1200.00,N/A,$1200.00,$1200.00,$1200.00
03/21/2018,$1200.00,N/A,$1200.00,$1200.00,$1200.00
03/20/2018,$1200.00,N/A,$1200.00,$1200.00,$1200.00
03/19/2018,$1200.00,N/A,$1200.00,$1200.00,$1200.00
03/16/2018,$1200.00,N/A,$1200.00,$1200.00,$1200.00
03/15/2018,$1200.00,N/A,$1200.00,$1200.00,$1200.00
03/14/2018,$1200.00,N/A,$1200.00,$1200.00,$1200.00
03/13/2018,$1200.00,N/A,$1200.00,$1200.00,$1200.00
03/12/2018,$1200.00,N/A,$1200.00,$1200.00,$1200.00
03/09/2018,$1200.00,N/A,$1200.00,$1200.00,$1200.00
03/08/2018,$1200.00,N/A,$1200.00,$1200.00,$1200.00
03/07/2018,$1200.00,N/A,$1200.00,$1200.00,$1200.00
03/06/2018,$1200.00,N/A,$1200.00,$1200.00,$1200.00
03/05/2018,$1200.00,N/A,$1200.00,$1200.00,$1200.00
03/02/2018,$1200.00,N/A,$1200.00,$1200.00,$1200.00
03/01/2018,$1200.00,N/A,$1200.00,$1200.00,$1200.00
02/28/2018,$1200.00,N/A,$1200.00,$1200.00,$1200.00
02/27/2018,$1200.00,N/A,$1200.00,$1200.00,$1200.00
02/26/2018,$1200.00,N/A,$1200.00,$1200.00,$1200.00
02/23/2018,$1200.00,N/A,$1200.00,$1200.00,$1200.00
02/22/2018,$1200.00,N/A,$1200.00,$1200.00,$1200.00
02/21/2018,$1200.00,N/A,$1200.00,$1200.00,$1200.00
02/20/2018,$1200.00,N/A,$1200.00,$1200.00,$1200.00
02/16/2018,$1200.00,N/A,$1200.00,$1200.00,$1200.00
02/15/2018,$1200.00,N/A,$1200.00,$1200.00,$1200.00
02/14/2018,$1200.00,N/A,$1200.00,$1200.00,$1200.00
02/13/2018,$1200.00,N/A,$1200.00,$1200.00,$1200.00
02/12/2018,$1200.00,N/A,$1200.00,$1200.00,$1200.00
02/09/2018,$1200.00,N/A,$1200.00,$1200.00,$1200.00
02/08/2018,$1200.00,N/A,$1200.00,$1200.00,$1200.00
02/07/2018,$1200.00,N/A,$1200.00,$1200.00,$1200.00
02/06/2018,$1200.00,N/A,$1200.00,$1200.00,$1200.00
02/05/2018,$1200.00,N/A,$1200.00,$1200.00,$1200.00
02/02/2018,$1200.00,N/A,$1200.00,$1200.00,$1200.00
02/01/2018,$1200.00,N/A,$1200.00,$1200.00,$1200.00
01/31/2018,$1200.00,N/A,$1200.00,$1200.00,$1200.00
01/30/2018,$1200.00,N/A,$1200.00,$1200.00,$1200.00
01/29/2018,$1200.00,N/A,$1200.00,$1200.00,$1200.00
01/26/2018,$1200.00,N/A,$1200.00,$1200.00,$1200.00
01/25/2018,$1200.00,N/A,$1200.00,$1200.00,$1200.00
01/24/2018,$1200.00,N/A,$1200.00,$1200.00,$1200.00
01/23/2018,$1200.00,N/A,$1200.00,$1200.00,$1200.00
01/22/2018,$1200.00,N/A,$1200.00,$1200.00,$1200.00
01/19/2018,$1200.00,N/A,$1200.00,$1200.00,$1200.00
01/18/2018,$1200.00,N/A,$1200.00,$1200.00,$1200.00
01/17/2018,$1200.00,N/A,$1200.00,$1200.00,$1200.00
01/16/2018,$1200.00,N/A,$1200.00,$1200.00,$1200.00
01/12/2018,$1200.00,N/A,$1200.00,$1200.00,$1200.00
01/11/2018,$1200.00,N/A,$1200.00,$1200.00,$1200.00
01/10/2018,$1200.00,N/A,$1200.00,$1200.00,$1200.00
01/09/2018,$1200.00,N/A,$1200.00,$1200.00,$1200.00
01/08/2018,$1200.00,N/A,$1200.00,$1200.00,$1200.00
01/05/2018,$1200.00,N/A,$1200.00,$1200.00,$1200.00
01/04/2018,$1200.00,N/A,$1200.00,$1200.00,$1200.00
01/03/2018,$1200.00,N/A,$1200.00,$1200.00,$1200.00
01/02/2018,$1200.00,N/A,$1200.00,$1200.00,$1200.00
12/29/2017,$1200.00,N/A,$1200.00,$1200.00,$1200.00
12/28/2017,$1200.00,N/A,$1200.00,$1200.00,$1200.00
12/27/2017,$1200.00,N/A,$1200.00,$1200.00,$1200.00
12/26/2017,$1200.00,N/A,$1200.00,$1200.00,$1200.00
12/22/2017,$1200.00,N/A,$1200.00,$1200.00,$1200.00
12/21/2017,$1200.00,N/A,$1200.00,$1200.00,$1200.00
12/20/2017,$1200.00,N/A,$1200.00,$1200.00,$1200.00
12/19/2017,$1200.00,N/A,$1200.00,$1200.00,$1200.00
12/18/2017,$1200.00,N/A,$1200.00,$1200.00,$1200.00
12/15/2017,$1200.00,N/A,$1200.00,$1200.00,$1200.00
12/14/2017,$1200.00,N/A,$1200.00,$1200.00,$1200.00
12/13/2017,$1200.00,N/A,$1200.00,$1200.00,$1200.00
12/12/2017,$1200.00,N/A,$1200.00,$1200.00,$1200.00
12/11/2017,$1200.00,N/A,$1200.00,$1200.00,$1200.00
12/08/2017,$1200.00,N/A,$1200.00,$1200.00,$1200.00
12/07/2017,$1200.00,N/A,$1200.00,$1200.00,$1200.00
12/06/2017,$1200.00,N/A,$1200.00,$1200.00,$1200.00
12/05/2017,$1200.00,N/A,$1200.00,$1200.00,$1200.00
12/04/2017,$1200.00,N/A,$1200.00,$1200.00,$1200.00
12/01/2017,$1200.00,N/A,$1200.00,$1200.00,$1200.00
11/30/2017,$1200.00,N/A,$1200.00,$1200.00,$1200.00
11/29/2017,$1200.00,N/A,$1200.00,$1200.00,$1200.00
11/28/2017,$1200.00,N/A,$1200.00,$1200.00,$1200.00
11/27/2017,$1200.00,N/A,$1200.00,$1200.00,$1200.00
11/24/2017,$1200.00,N/A,$1200.00,$1200.00,$1200.00
11/22/2017,$1200.00,N/A,$1200.00,$1200.00,$1200.00
11/21/2017,$1200.00,N/A,$1200.00,$1200.00,$1200.00
11/20/2017,$1200.00,N/A,$1200.00,$1200.00,$1200.00
11/17/2017,$1200.00,N/A,$1200.00,$1200.00,$1200.00
11/16/2017,$1200.00,N/A,$1200.00,$1200.00,$1200.00
11/15/2017,$1200.00,N/A,$1200.00,$1200.00,$1200.00
11/14/2017,$1200.00,N/A,$1200.00,$1200.00,$1200.00
11/13/2017,$1200.00,N/A,$1200.00,$1200.00,$1200.00
11/10/2017,$1200.00,N/A,$1200.00,$1200.00,$1200.00
11/09/2017,$1200.00,N/A,$1200.00,$1200.00,$1200.00
11/08/2017,$1200.00,N/A,$1200.00,$1200.00,$1200.00
11/07/2017,$1200.00,N/A,$1200.00,$1200.00,$1200.00
11/06/2017,$1200.00,N/A,$1200.00,$1200.00,$1200.00
11/03/2017,$1200.00,N/A,$1200.00,$1200.00,$1200.00
11/02/2017,$1200.00,N/A,$1200.00,$1200.00,$1200.00
11/01/2017,$1200.00,N/A,$1200.00,$1200.00,$1200.00
10/31/2017,$1200.00,N/A,$1200.00,$1200.00,$1200.00
10/30/2017,$1200.00,N/A,$1200.00,$1200.00,$1200.00
10/27/2017,$1200.00,N/A,$1200.00,$1200.00,$1200.00
10/26/2017,$1200.00,N/A,$1200.00,$1200.00,$1200.00
10/25/2017,$1200.00,N/A,$1200.00,$1200.00,$1200.00
10/24/2017,$1200.00,N/A,$1200.00,$1200.00,$1200.00
10/23/2017,$1200.00,N/A,$1200.00,$1200.00,$1200.00
10/20/2017,$1200.00,N/A,$1200.00,$1200.00,$1200.00
10/19/2017,$1200.00,N/A,$1200.00,$1200.00,$1200.00
10/18/2017,$1200.00,N/A,$1200.00,$1200.00,$1200.00
10/17/2017,$1200.00,N/A,$1200.00,$1200.00,$1200.00
10/16/2017,$1200.00,N/A,$1200.00,$1200.00,$1200.00
10/13/2017,$1200.00,N/A,$1200.00,$1200.00,$1200.00
10/12/2017,$1200.00,N/A,$1200.00,$1200.00,$1200.00
10/11/2017,$1200.00,N/A,$1200.00,$1200.00,$1200.00
10/10/2017,$1200.00,N/A,$1200.00,$1200.00,$1200.00
10/09/2017,$1200.00,N/A,$1200.00,$1200.00,$1200.00
10/06/2017,$1200.00,N/A,$1200.00,$1200.00,$1200.00
10/05/2017,$1200.00,N/A,$1200.00,$1200.00,$1200.00
10/04/2017,$1200.00,N/A,$1200.00,$1200.00,$1200.00
10/03/2017,$1200.00,N/A,$1200.00,$1200.00,$1200.00
10/02/2017,$1200.00,N/A,$1200.00,$1200.00,$1200.00
09/29/2017,$1200.00,N/A,$1200.00,$1200.00,$1200.00
09/28/2017,$1200.00,N/A,$1200.00,$1200.00,$1200.00
09/27/2017,$1200.00,N/A,$1200.00,$1200.00,$1200.00
09/26/2017,$1200.00,N/A,$1200.00,$1200.00,$1200.00
09/25/2017,$1200.00,N/A,$1200.00,$1200.00,$1200.00
09/22/2017,$1200.00,N/A,$1200.00,$1200.00,$1200.00
09/21/2017,$1200.00,N/A,$1200.00,$1200.00,$1200.00
09/20/2017,$1200.00,N/A,$1200.00,$1200.00,$1200.00
09/19/2017,$1200.00,N/A,$1200.00,$1200.00,$1200.00
09/18/2017,$1200.00,N/A,$1200.00,$1200.00,$1200.00
09/15/2017,$1200.00,N/A,$1200.00,$1200.00,$1200.00
09/14/2017,$1200.00,N/A,$1200.00,$1200.00,$1200.00
09/13/2017,$1200.00,N/A,$1200.00,$1200.00,$1200.00
09/12/2017,$1200.00,N/A,$1200.00,$1200.00,$1200.00
09/11/2017,$1200.00,N/A,$1200.00,$1200.00,$1200.00
09/08/2017,$1200.00,N/A,$1200.00,$1200.00,$1200.00
09/07/2017,$1200.00,N/A,$1200.00,$1200.00,$1200.00
09/06/2017,$1200.00,N/A,$1200.00,$1200.00,$1200.00
09/05/2017,$1200.00,N/A,$1200.00,$1200.00,$1200.00
09/01/2017,$1200.00,N/A,$1200.00,$1200.00,$1200.00
08/31/2017,$1200.00,N/A,$1200.00,$1200.00,$1200.00
08/30/2017,$1200.00,N/A,$1200.00,$1200.00,$1200.00
08/29/2017,$1200.00,N/A,$1200.00,$1200.00,$1200.00
08/28/2017,$1200.00,N/A,$1200.00,$1200.00,$1200.00
08/25/2017,$1200.00,N/A,$1200.00,$1200.00,$1200.00
08/24/2017,$1200.00,N/A,$1200.00,$1200.00,$1200.00
08/23/2017,$1200.00,N/A,$1200.00,$1200.00,$1200.00
08/22/2017,$1200.00,N/A,$1200.00,$1200.00,$1200.00
08/21/2017,$1200.00,N/A,$1200.00,$1200.00,$1200.00
08/18/2017,$1200.00,N/A,$1200.00,$1200.00,$1200.00
08/17/2017,$1200.00,N/A,$1200.00,$1200.00,$1200.00
08/16/2017,$1200.00,N/A,$1200.00,$1200.00,$1200.00
08/15/2017,$1200.00,N/A,$1200.00,$1200.00,$1200.00
08/14/2017,$1200.00,N/A,$1200.00,$1200.00,$1200.00
08/11/2017,$1200.00,N/A,$1200.00,$1200.00,$1200.00
08/10/2017,$1200.00,N/A,$1200.00,$1200.00,$1200.00
08/09/2017,$1200.00,N/A,$1200.00,$1200.00,$1200.00
08/08/2017,$1200.00,N/A,$1200.00,$1200.00,$1200.00
08/07/2017,$1200.00,N/A,$1200.00,$1200.00,$1200.00
08/04/2017,$1200.00,N/A,$1200.00,$1200.00,$1200.00
08/03/2017,$1200.00,N/A,$1200.00,$1200.00,$1200.00
08/02/2017,$1200.00,N/A,$1200.00,$1200.00,$1200.00
08/01/2017,$1200.00,N/A,$1200.00,$1200.00,$1200.00
07/31/2017,$1200.00,N/A,$1200.00,$1200.00,$1200.00
07/28/2017,$1200.00,N/A,$1200.00,$1200.00,$1200.00
07/27/2017,$1200.00,N/A,$1200.00,$1200.00,$1200.00
07/26/2017,$1200.00,N/A,$1200.00,$1200.00,$1200.00
07/25/2017,$1200.00,N/A,$1200.00,$1200.00,$1200.00
07/24/2017,$1200.00,N/A,$1200.00,$1200.00,$1200.00
07/21/2017,$1200.00,N/A,$1200.00,$1200.00,$1200.00
07/20/2017,$1200.00,N/A,$1200.00,$1200.00,$1200.00
07/19/2017,$1200.00,N/A,$1200.00,$1200.00,$1200.00
07/18/2017,$1200.00,N/A,$1200.00,$1200.00,$1200.00
07/17/2017,$1200.00,N/A,$1200.00,$1200.00,$1200.00
07/14/2017,$1200.00,N/A,$1200.00,$1200.00,$1200.00
07/13/2017,$1200.00,N/A,$1200.00,$1200.00,$1200.00
07/12/2017,$1200.00,N/A,$1200.00,$1200.00,$1200.00
07/11/2017,$1200.00,N/A,$1200.00,$1200.00,$1200.00
07/10/2017,$1200.00,N/A,$1200.00,$1200.00,$1200.00
07/07/2017,$1200.00,N/A,$1200.00,$1200.00,$1200.00
07/06/2017,$1200.00,N/A,$1200.00,$1200.00,$1200.00
07/05/2017,$1200.00,N/A,$1200.00,$1200.00,$1200.00
07/03/2017,$1200.00,N/A,$1200.00,$1200.00,$1200.00
06/30/2017,$1200.00,N/A,$1200.00,$1200.00,$1200.00
06/29/2017,$1200.00,N/A,$1200.00,$1200.00,$1200.00
06/28/2017,$1200.00,N/A,$1200.00,$1200.00,$1200.00
06/27/2017,$1200.00,N/A,$1200.00,$1200.00,$1200.00
06/26/2017,$1200.00,N/A,$1200.00,$1200.00,$1200.00
06/23/2017,$1200.00,N/A,$1200.00,$1200.00,$1200.00
06/22/2017,$1200.00,N/A,$1200.00,$1200.00,$1200.00
06/21/2017,$1200.00,N/A,$1200.00,$1200.00,$1200.00
06/20/2017,$1200.00,N/A,$1200.00,$1200.00,$1200.00
06/19/2017,$1200.00,N/A,$1200.00,$1200.00,$1200.00
06/16/2017,$1200.00,N/A,$1200.00,$1200.00,$1200.00
06/15/2017,$1200.00,N/A,$1200.00,$1200.00,$1200.00
06/14/2017,$1200.00,N/A,$1200.00,$1200.00,$1200.00
06/13/2017,$1200.00,N/A,$1200.00,$1200.00,$1200.00
06/12/2017,$1200.00,N/A,$1200.00,$1200.00,$1200.00
06/09/2017,$1200.00,N/A,$1200.00,$1200.00,$1200.00
06/08/2017,$1200.00,N/A,$1200.00,$1200.00,$1200.00
06/07/2017,$1200.00,N/A,$1200.00,$1200.00,$1200.00
06/06/2017,$750.00,N/A,$750.00,$750.00,$750.00
06/05/2017,$750.00,5,$750.00,$750.00,$750.00
06/02/2017,$700.00,15,$650.00,$700.00,$550.00
06/01/2017,$1000.00,N/A,$1000.00,$1000.00,$1000.00
05/31/2017,$1000.00,N/A,$1000.00,$1000.00,$1000.00
05/30/2017,$1000.00,N/A,$1000.00,$1000.00,$1000.00
05/26/2017,$1000.00,N/A,$1000.00,$1000.00,$1000.00
05/25/2017,$1000.00,N/A,$1000.00,$1000.00,$1000.00
05/24/2017,$1000.00,N/A,$1000.00,$1000.00,$1000.00
05/23/2017,$1000.00,N/A,$1000.00,$1000.00,$1000.00
05/22/2017,$1000.00,N/A,$1000.00,$1000.00,$1000.00
05/19/2017,$1000.00,N/A,$1000.00,$1000.00,$1000.00
05/18/2017,$1000.00,N/A,$1000.00,$1000.00,$1000.00
05/17/2017,$1000.00,1,$1000.00,$1000.00,$1000.00
05/16/2017,$800.00,12,$880.00,$900.00,$710.00
05/15/2017,$890.00,N/A,$890.00,$890.00,$890.00
05/12/2017,$890.00,28,$880.00,$890.00,$880.00
05/11/2017,$900.00,19,$690.00,$900.00,$690.00
05/10/2017,$640.00,7,$550.00,$750.00,$550.00
05/09/2017,$400.00,167,$50.00,$400.00,$50.00
05/08/2017,$50.00,2155,$10.00,$70.00,$10.00
05/05/2017,$50005.00,N/A,$50005.00,$50005.00,$50005.00
05/04/2017,$50005.00,N/A,$50005.00,$50005.00,$50005.00
05/03/2017,$50005.00,N/A,$50005.00,$50005.00,$50005.00
05/02/2017,$50005.00,N/A,$50005.00,$50005.00,$50005.00
05/01/2017,$50005.00,N/A,$50005.00,$50005.00,$50005.00
04/28/2017,$50005.00,N/A,$50005.00,$50005.00,$50005.00
04/27/2017,$50005.00,N/A,$50005.00,$50005.00,$50005.00
04/26/2017,$50005.00,N/A,$50005.00,$50005.00,$50005.00
04/25/2017,$50005.00,N/A,$50005.00,$50005.00,$50005.00
04/24/2017,$50005.00,N/A,$50005.00,$100000.00,$10.00
